user_id,recommended_items
2736687,2036210	961921	1577756	1280473	2160707
1758077,2223098	380840	1460472	399435	931519
2233720,2184910	1677326	2225055	443018	1984200
339911,2565495	1049808	95806	2256370	1180855
2646338,668131	657183	1386412	478208	1756302
1567734,213964	1261539	399598	2823526	340285
2895344,2270467	2331463	508531	2574220	1806888
1781676,657183	1756302	2214218	473211	1671267
1378800,2001293	1123469	1464693	2437701	62796
1180569,2223098	380840	1053542	71285	2466095
2070795,291669	215982	1553111	1155822	2627099
2551810,1429441	2306973	2829344	479425	1386412
2355384,1271958	375324	1423400	205039	717127
2227269,728108	1245400	2630203	2494532	1398258
83410,2085876	171493	2257874	1925138	2310495
425843,1871213	594089	2791339	1313860	52413
2522950,1130730	648857	1550237	1793593	1112060
836091,911450	761715	1502840	49764	24794
967069,597952	1439913	1177948	2752423	2565664
506338,1271958	375324	1423400	205039	717127
2029111,657183	2778525	1327096	526501	776072
1282720,1376058	2086041	1401217	291669	2063265
1148996,690591	1772561	2552143	1746283	631686
37187,965909	1786175	2689933	2339860	565141
2182311,2481280	657183	2673831	2172825	796373
1486557,72465	654127	840113	2545040	2778525
1838050,952168	698891	392309	2630475	1802925
1749993,1271958	375324	1423400	205039	717127
1150879,380595	383039	1169059	2438123	837785
752149,719741	2239823	1251652	1174407	2148364
731931,1864233	2329186	2730930	762658	863772
795914,2223098	380840	1053542	71285	1460472
956972,140278	110514	1165605	2577625	536047
1024208,2619129	2335545	1541196	1350963	1785536
2749983,713309	1866139	1569008	2397283	219154
512205,761082	2770160	2761056	2237621	33540
2061659,1977105	875145	2752423	2565664	1307282
590570,2690266	987162	719741	1447547	2047004
2009523,830073	10431	211863	2148267	882761
2415723,1613639	2124146	2357765	2149629	2490692
2713842,1684123	1483116	1676825	2491011	1848773
1227698,2478632	2721258	2420135	101455	2302683
1486211,1918063	1884305	2292605	2208324	1928728
586948,1602196	2289895	951360	1120107	1050778
2682372,2664128	608914	1281909	1243938	484535
2102784,804384	1535295	1482306	466845	2510250
11423,471718	2514951	622753	285749	2087076
339807,2232294	270556	2005144	44516	1547180
1565817,1563237	392511	258922	1732031	1040549
346670,468120	1809836	2278374	714060	1231504
149811,286824	1984327	1659966	1587654	2350052
103027,1496579	2182225	2745161	1738405	1055755
1165917,526501	2106311	1337371	1984327	1882473
1447189,1271958	375324	1423400	205039	717127
2444705,1443706	551635	2063265	747388	2339912
126627,2695065	2313894	1794685	1068933	2002097
1396811,2664128	2523228	608914	1281909	1243938
58989,2233540	1849026	1800246	336808	1463219
2707562,2302683	889974	2149001	190815	1714855
1337414,1814343	1849543	921497	2462766	1678673
2188615,1358418	1772767	2262045	2182715	2226682
712177,1271958	375324	1423400	205039	717127
198427,952102	22987	2164654	1618334	1338516
1666772,372938	839008	1136513	1712984	1165605
2743701,384320	715734	1559886	2115837	724014
2616888,2157222	1477734	2693027	790293	1595372
2425713,1271958	375324	1423400	205039	717127
544277,455510	1076847	855817	1458986	1430029
1408668,2329586	1011174	2665046	2525243	422167
2213758,1676825	2491011	1848773	1980126	1560749
1048668,2526320	70023	2219641	2069583	1861838
1361936,2642252	2791278	1255311	2038819	1724333
554689,718145	2178679	747171	1430132	216809
1808230,620865	210835	2470569	811517	1301883
1446377,2698468	1165605	768905	1742604	1718677
1193601,1271958	375324	1423400	205039	717127
339040,455510	1076847	855817	798477	2392150
2539055,1745801	750038	2597094	2778525	2131571
1496330,984228	2423375	2063798	861524	55480
1001064,1386412	973863	2202501	359183	1638268
2215482,1443706	245454	1108923	564064	856620
2290196,1271958	375324	1423400	205039	717127
2250707,750928	1621608	2508062	830073	1413864
80633,2135942	2446758	1277973	415358	1884305
165164,1447838	2180322	2593043	185962	2012548
2467582,1602405	2549456	1396517	2757179	1993954
1938414,587796	2264972	1144124	787747	1624021
272020,1066013	2264972	1155158	1258303	1429240
2031764,1930472	607608	2518349	2493916	977806
673341,2264972	787747	1624021	2268348	868082
2572612,1725014	30683	2802606	2771419	2509024
998327,808689	192823	822743	2676144	2047022
1039230,2240433	98842	1529535	30640	2764357
1608908,469615	2803376	688689	2598619	2825431
2839076,447985	2024094	723096	1798344	1053542
603224,1381522	164045	1911434	61154	2073725
2202513,1036813	1327819	1920047	1153961	1164202
1326693,1271958	375324	1423400	205039	717127
1187695,1992846	141483	211863	67256	1659908
1827812,664654	1311184	2528860	1716571	2371305
2412095,310958	2169449	1170583	1231504	1521079
1475539,109672	2483196	2598619	714141	711662
276911,1434291	1923330	1915134	1940022	1112428
2719663,718370	687478	2344362	2818914	1171271
1960562,2586131	601537	1065465	1472716	423380
1780800,1278567	94929	675502	2609612	1028918
1761688,682280	2590190	2460014	231346	2552884
1952494,1303869	2595020	1287265	1839841	568926
925536,1271958	1614780	2681176	1819043	205039
2571776,1271958	375324	1423400	205039	717127
335645,2414343	235378	2330731	405319	2545674
1784814,300430	1435315	848698	1226526	392310
1827523,2490294	2738695	1953846	836451	2325510
2275287,787389	615040	777911	1047625	1271958
2925288,1189146	79531	794156	650725	777911
860289,311667	1870865	1980101	2417145	1823898
2255865,2778525	2352653	955580	823512	2115544
406902,447063	110058	1508978	1220456	1625532
2352840,2681849	1097208	709421	2719660	2190861
589302,830073	2231729	34750	970038	1887309
616508,2021391	606905	1742604	2113458	2282309
705407,911450	761715	2282914	1502840	49764
481738,926990	1900183	1308061	788344	2778525
2454991,2092516	2192713	83516	499178	715107
1882022,2312162	952102	979531	2164559	2391945
684130,2270467	2331463	508531	2574220	1806888
748417,72797	1739558	1311184	2528860	871090
2663045,334758	1065695	1857514	1529439	456358
2086218,257322	1466164	393365	1932410	1670390
1768723,179144	2690403	794365	727516	2719016
2220651,645747	1376058	2457005	159565	1835742
1128997,1271958	375324	1423400	205039	717127
2351464,1775761	688689	803962	1513499	757533
2371470,347061	1393902	1017077	729006	948249
1935001,163775	1573829	1950579	1367536	164178
2005963,147350	2719617	2271527	515119	1773240
1153076,2175707	1186388	2422536	2138355	1575935
1268422,2232294	270556	44516	1547180	1354601
100399,1164968	702963	2385938	1126753	1552411
370379,532897	300959	100712	498836	2344591
818050,902049	714653	1808280	1354212	1630505
2385817,133896	2362308	2586787	535570	1574391
1693423,2264972	787747	1624021	2268348	868082
1593207,1550237	1009707	2214510	1282038	2791339
1411915,1429441	61981	685102	457893	2335080
424986,2312162	2686239	2739609	604795	717473
2929225,1711745	2371408	2763546	1399783	459719
1807665,335380	300430	1551156	1848773	848698
371261,688689	803962	1513499	757533	2415033
759173,1277012	2214379	240846	1793593	739730
2249643,952102	2086053	2076321	2169564	2475013
437711,1410925	705731	2224276	526800	606296
404745,1866139	1569008	219154	3236	783619
2676851,2635038	2485771	696626	1934991	2797950
1609115,904595	169886	1635633	1073372	1298620
1918160,515031	1174407	2012942	1541359	1928254
1739217,1271958	375324	1423400	205039	717127
2532601,1152058	2716169	1032110	1695360	150579
222344,2068319	1387396	2281459	430533	723777
1234808,1368635	2360803	19122	2295468	2249807
1657663,1621345	1032078	2645142	1260308	1676522
186813,813128	2622613	2618070	179144	2436869
2149396,1271958	375324	1423400	205039	717127
1538558,149945	1652805	41117	895922	941893
869656,2124397	1767538	418250	1747258	561011
149986,1271958	375324	1423400	205039	717127
156731,2464585	354211	2112557	857597	1676825
1564088,204608	90273	1519543	1477734	2419090
265374,2194493	1492887	1320279	1634962	98202
1951977,312964	1432014	505920	92580	381980
2557879,601375	576752	750170	73218	714060
2886724,2802610	2067176	2303435	472594	1446058
2127897,1864897	114262	2066526	1132889	926519
873864,2490737	1551777	1299212	734248	1098861
2317593,1271958	375324	1423400	205039	717127
875730,1186	222444	2650926	894709	1218114
1268548,1074994	2176713	2284340	882798	1704976
793294,1683386	2296915	1362357	2236625	2168560
866843,2739609	1430278	2436486	2590469	1521477
771002,317172	584053	614356	827943	1332843
2047700,1785536	526501	2134083	1806466	1541719
959084,701591	902080	718372	841721	498369
1209085,65781	2791394	1040045	1807819	2164477
2210819,174891	2548439	1261558	2077469	716400
2335267,1110908	1138628	2814126	77721	64565
2792558,2182729	508531	2828047	551087	2778525
1643715,1244196	127070	1386412	2225560	2549653
2893125,2239733	330371	962492	661404	1164227
1593636,2477239	2441881	2342294	2598017	2390843
191899,1887464	1776337	1665819	2322769	1247136
267625,2364350	2477820	1287467	678129	669349
1342405,2791339	354268	1165869	892024	1229465
1599104,3876	500090	1265042	1493955	1214627
1395557,2423611	830073	1050432	2463631	1732824
2326562,1271958	375324	1423400	205039	717127
990765,829855	576752	1808280	3236	2574702
2564390,2649615	2749845	1773911	1570497	2450694
1029192,1934683	2127112	42452	166394	2742208
2821842,342166	1984078	756103	1511931	1801603
2861994,2471510	1047027	1443706	587796	2103306
2011531,1271958	375324	1423400	205039	717127
3215,2214218	473211	1671267	2611099	1357215
1165855,2778525	2357943	2590469	2200859	1494361
1133345,1271958	375324	1423400	205039	717127
142006,298067	2561267	682069	929465	991288
2290231,2759974	968188	1298800	1966372	1106225
1213223,2229512	399435	176021	813562	497103
1417673,1271958	375324	1423400	205039	717127
944375,2277810	1793515	667505	2464820	2409485
2862865,113273	2408841	841193	1240553	1928254
2447341,1271958	375324	1423400	205039	717127
2529129,2693538	1640213	347575	1669539	545914
2023406,20442	2778525	981752	605393	2555792
1872093,713914	1434783	388915	499178	2364349
2346247,291669	2046603	1869782	1010540	1590432
2188546,823778	1075192	2778525	1069281	2470969
2331786,849354	657183	1443688	474639	1651349
1762563,532897	1726634	1470020	79531	300959
147478,830073	2231729	970038	1887309	1362000
2364001,590897	2294453	2620343	1376935	259164
2150694,1271958	375324	1423400	205039	717127
2702212,536047	1869782	1010540	1620868	374097
1821831,1422576	920520	2825431	964787	1496156
2967952,1271958	375324	1423400	205039	717127
1495925,1780894	1262359	154171	530744	1575737
1229411,1175356	2037477	233103	363605	1092821
2275357,2183351	1219043	2183922	89562	2342664
950877,2047022	886884	275226	715409	274172
1775423,1271958	375324	1423400	205039	717127
2868639,682280	2590190	2460014	231346	42438
2100458,2789637	1945407	79531	1636910	2006653
1539221,1271958	375324	1423400	205039	717127
1247808,1008509	463752	2106311	1864541	2090350
2931409,1550605	105999	859993	2197863	2058296
1196601,698350	1360662	2791339	483566	868804
2418920,1271958	375324	1423400	205039	717127
404956,2468672	1986324	399435	931519	2074256
314710,2511002	387591	1052042	78338	1087072
2143579,1443706	551635	1772767	2719617	459908
2442651,623539	2148169	2659213	317172	2451241
1974074,2223098	380840	1053542	71285	2466095
1971178,2435715	148296	1325551	970538	838902
2408492,494063	2669239	292107	2054067	1169472
921681,1676825	2491011	1848773	1980126	1560749
2109130,1621608	1586192	1423457	1418721	415358
2394343,12086	1069281	1244196	1428562	2683519
1672306,1271958	375324	1423400	205039	717127
857752,1271958	375324	1423400	205039	717127
1538517,2215892	319530	1472716	1185125	2739609
2886964,2642252	2791278	2038819	1724333	2242730
2522167,750038	1302512	2395920	2690871	2669570
118790,443300	1501174	1708813	784737	2002097
991986,771416	244982	2366001	270559	2380306
2086198,2271867	1838816	2563042	377491	436574
2507322,2435373	2148882	2520740	644313	2425812
1733266,1711686	54439	2709576	141483	671237
2022065,16356	1855791	1765833	961740	2234524
872376,1520277	1274752	1953846	1244196	1826
2005899,2058119	205912	520552	2091760	399214
373576,1271958	375324	1423400	205039	717127
2068631,2223098	380840	1053542	71285	2466095
1374747,1338648	1423150	2685664	892311	911567
77992,1359037	2629756	868261	1376835	1330957
1190698,2400907	863245	276561	2513970	849854
2178707,192008	2736147	2751893	943279	2482903
2919691,73840	930326	2533257	1864454	1321795
1454201,2298895	2587211	41406	373206	109433
1333199,2065842	347246	2351826	521643	1206667
813842,34919	1617671	980778	2185179	1357465
269303,1465807	2586131	601537	891563	423380
2873501,685972	2083986	1576126	96954	2631317
1497643,1350963	212987	472040	1928254	1405882
1531228,2781618	1679143	101005	2326685	2183288
313911,768246	562726	1583058	350614	683831
2391944,1550990	470410	2786588	2048862	1293581
1195957,220665	2031674	1376234	1366236	1492285
629751,1642428	158621	554760	2020773	2117630
1324816,855001	1355502	279881	2435135	1280100
2189408,794156	1886939	1274931	360505	1992846
490804,1035310	1527941	2250299	1794685	2832708
2308128,2652254	1908646	1811700	2432149	501394
2013928,1826131	2822580	2369985	412368	987162
210953,2462178	2388776	278162	2458165	1541196
2432660,685972	1576126	96954	2631317	1859233
203538,317172	584053	614356	827943	1332843
931769,1814343	830073	2058119	2598619	1984327
1394024,750928	2508062	830073	1413864	1053542
1615690,2620343	906760	2511483	1263243	2835320
1022315,586387	888729	1212118	2471983	2691876
1246464,1338648	1423150	892311	911567	420494
754819,1271958	375324	1423400	205039	717127
1151728,192008	2482903	908778	394095	2062331
2255853,28114	2096295	218295	1014576	2431753
2054246,1984327	734196	1820087	195997	666744
1196805,644659	2315271	2213987	1121920	1851291
2378948,696554	1328608	2622845	2309062	2489959
668320,1303869	2595020	1287265	568926	2360850
2167557,1290818	2241130	2330731	1931715	748870
1981215,393466	2778525	1603735	2623983	590780
1562081,1247843	278589	576908	1434088	1485690
1510025,1271958	375324	1423400	205039	717127
1122408,554760	2117630	49764	1096406	2020773
2240452,612155	2826101	1521930	309305	786265
2151582,2640234	147992	1647094	202345	807419
1906427,1386412	973863	2202501	359183	1638268
1904975,1271958	375324	1423400	205039	717127
194001,855476	2113104	406777	2527062	624264
1197249,2540341	1700992	21529	524843	1058425
2264483,1777889	499178	77120	524846	2794379
599960,332354	1613639	215982	2124146	1515551
2640705,1751209	708734	2054897	2634994	2663426
2472610,2138291	2236778	2524755	1165605	2449432
1139635,1271958	375324	1423400	205039	717127
1586282,1267146	207240	213504	1413540	2420700
1440955,2645967	177825	788342	1432568	2368869
2352990,698350	1360662	823512	1053542	2714076
2252106,2231360	1398047	929306	305275	1602077
1606874,1586563	2617450	1691516	2254179	718843
1558028,1597121	2302737	1237831	2155146	2239755
566437,212987	279380	1405882	278380	2286154
1613230,412692	436574	2148574	840938	2133506
2332674,1081469	2086053	1244196	468120	2409634
1892376,2786340	1477002	1373451	1228953	1091558
1739224,1924076	874263	1183987	1187287	71347
1631371,1306298	830362	650000	42828	2629756
1323169,1732031	383133	2579338	986844	1754395
2056348,1162250	2163655	2373183	2437488	1306471
761358,761082	2761056	2237621	33540	2179838
265424,1245833	1379326	1600861	2778525	2677302
2567676,1683386	2380390	1347972	306724	780445
1090928,2048862	1301369	310209	2482673	2363209
1358060,1670455	814584	1189146	596734	79531
653256,415358	616365	2391945	2414830	1550861
2221503,984114	134458	47583	1919289	1117333
1530189,1271958	375324	1423400	205039	717127
1041922,1271958	375324	1423400	205039	717127
1320999,1271958	375324	1423400	205039	717127
722574,2540696	1191007	554760	2117630	49764
2485058,1271958	375324	1423400	205039	717127
2856275,2597118	1835885	726490	749025	79531
572473,1376065	1668971	1282647	2450133	2776083
563991,1271958	375324	1423400	205039	717127
1740226,504990	2024976	2409091	24587	1601025
1714247,1477002	1373451	1228953	1091558	2755079
797333,1106543	1972454	2183288	1538515	2077015
267027,1036813	2233540	1327819	1624610	1158721
115389,1271958	375324	1423400	205039	717127
2881755,2698110	277674	2050663	651101	1346209
141431,1271958	375324	1423400	205039	717127
428799,783619	692122	1496923	1263404	2132793
1955639,2591944	2069583	1861838	234877	2712481
1273690,1867503	115324	577338	1959750	1565998
106778,1138628	471718	2814126	77721	1820087
2291025,1477002	1373451	1228953	1091558	1737182
2489030,1271958	375324	1423400	205039	717127
643546,1726634	586387	888729	1212118	2471983
2147651,1065465	1619659	1472716	1290875	776155
129287,1032078	618254	2677786	2416935	1981951
2060371,179144	1664146	875438	1249278	1591624
1347124,1271958	375324	1423400	205039	717127
2435383,1271958	375324	1423400	205039	717127
255399,925751	3876	1110617	1570385	431442
149385,2430795	1652805	2103981	1597912	2037477
2331601,2049946	335428	2791394	1110375	1584110
2865515,952102	851795	1288775	22987	2164654
2467982,469615	2803376	688689	1775761	181055
2404603,2297312	2205815	1928254	830038	2158722
1630970,1023152	2259341	1928254	1091958	367427
1206632,2750191	399435	1920047	1584138	1097867
174608,1711686	54439	2426517	1386412	1047625
2655748,1849280	1613249	482193	526501	2186541
2775499,1016837	830362	650000	42828	1349223
889351,1303734	1760436	1777889	1786604	2686521
70855,424893	430708	613697	2316200	965108
8971,657183	776072	423454	1903410	2106311
833196,2042526	374376	1152058	2716169	673299
864954,912679	1430344	1728410	1779255	1868293
64083,2320579	1086684	1822712	1551098	1117836
618101,2031981	569889	1673229	1053542	2380306
691314,99767	525076	1090310	1988490	1560749
2413943,1443706	551635	2705759	2233540	475192
1998915,2791394	1987428	513358	604891	1533837
1719277,2373854	2051225	1496576	496292	1194580
1119584,374792	2347392	517571	2264761	828659
2061826,1550237	573346	1213849	981752	818206
2807041,1251638	652350	2753831	1343445	1998362
1329286,2592733	1159573	2368925	63611	2796479
2555517,1451375	2038950	2645142	1223431	1053542
440799,1271958	375324	1423400	205039	717127
219107,887324	255271	518244	2320692	2241464
730963,1044973	1595372	124243	381044	1140869
1260865,2247652	395402	2361163	2355395	1092821
1641504,759027	668146	1550865	1695868	232015
2738730,2738695	2796479	1455276	1217373	1096094
795371,22996	2010975	2094106	2546689	2275112
847558,2471510	1047027	1244196	1443706	587796
384100,1430774	997790	2315525	410581	1414361
1978031,1140869	2601925	648429	1401217	2141566
519794,144460	2117630	1086684	577407	2357087
1121677,1640028	426587	257496	2214510	1282038
20595,600917	1780723	513437	2822479	1000270
1859872,1790180	1530641	2127763	1123204	121026
2442457,24803	1854295	882152	1978865	1576126
2742232,2308451	1317915	494504	2413494	1312210
1407981,99767	738730	819395	1320971	435702
2534403,2295019	919211	1628106	744792	2573562
1646365,1621345	1032078	2645142	1260308	600014
2079468,2526320	1619659	1472716	1290875	776155
1069655,94922	2772155	375036	844125	996258
1046557,1358418	307858	2060901	1677326	2223706
1422190,291336	2062731	1560443	1622544	1981600
2643972,243727	1669749	2302140	1537201	1825006
540403,753589	750038	2340058	2690871	2669570
1514767,823512	1537201	1825006	249120	2541133
2016086,2060901	1677326	2223706	798068	307858
2008681,1940402	1318432	708734	227721	2054897
2557818,2470569	1762600	2021391	756519	354117
2867549,1197049	894179	2512859	2608438	440072
554987,979877	2061567	2464341	1363485	1376308
716296,178439	1164968	1521582	2706327	2048983
1732471,2232294	270556	2005144	44516	1547180
1506082,2788164	2314962	1056488	2361413	1679143
2959630,2432709	905089	1814388	203383	2201027
1684042,2789271	2331463	522809	657765	1617838
295245,1792056	675129	46585	319948	2353095
420994,1403803	659576	225473	967268	992284
361926,1271958	375324	1423400	205039	717127
2711671,1271958	375324	1423400	205039	717127
558390,644659	2315271	159648	2213987	1121920
2699843,706437	1650533	1106231	359919	1401217
1956285,2540341	1700992	21529	524843	1058425
1874925,31053	2146119	2432149	530963	1181698
1633554,2806026	1935876	1556166	255128	343132
2224539,1731332	2168537	1483270	743892	799646
1805328,1271958	375324	1423400	205039	717127
1501937,211166	1355165	961319	1659497	1550237
247047,2167510	497400	568225	1413540	2617121
948437,149561	1590032	576773	738271	2817739
1742550,169138	2509848	2086265	841473	1345778
1440459,278589	1833376	1482556	1041119	920520
829800,2811177	2262045	1317818	1200953	759501
669105,1793515	667505	1513499	1423457	1418721
2906862,2728596	912178	1354212	1630505	194241
1253442,1550237	1009707	39201	167470	193483
1231871,1430344	1728410	640407	1779255	1868293
1124881,356075	2153420	669208	2092877	902949
1124350,645747	1376058	159565	1835742	1866983
1152507,309305	786265	2706909	2319540	2063098
1618638,820393	1617304	2832361	186524	2389812
1581619,2452583	1150956	460717	2589553	765477
2640181,2692947	2386570	2499383	876958	567885
1030958,2286459	1790154	1481449	548475	1428562
1643422,362400	21100	1646190	2024438	2079278
2114881,1036813	1327819	2326449	1164202	2191534
2583397,1475454	117372	1330576	2439867	2405196
2644277,434773	1444507	1423069	471956	826394
1928568,2317532	1595372	1928728	572800	1370833
2550471,1337011	41076	1614780	2139512	1098944
656973,1271958	375324	1423400	205039	717127
917360,1685185	372061	1913220	1854785	2093651
814412,1271958	375324	1423400	205039	717127
2671639,410070	2362974	311667	1053542	1870865
1215700,2589553	765477	2618733	1423457	105999
540360,1271958	375324	1423400	205039	717127
518880,823512	1537201	1825006	249120	2541133
247276,1422861	1143366	315406	1274336	1426362
1024581,80075	997960	238571	707342	2374997
1465467,2157027	2833516	309478	2653796	1723057
1279420,1044973	1595372	124243	381044	1140869
834932,468120	2420135	1047625	1057023	2459081
2117726,574557	1489467	2724169	504257	2314169
1542351,1271958	375324	1423400	205039	717127
763793,2499805	459760	1077498	1244196	1531821
842241,414495	1144957	658748	753264	1017698
2215236,1443706	2406897	551635	2719617	459908
333498,953263	2320692	443300	1501174	847203
445918,1414197	789804	617858	2323055	2094372
1863606,1271958	375324	1423400	205039	717127
975016,1824911	2001196	2685700	1639689	676583
2383826,500342	169138	1244196	1802809	1264322
2067699,1619659	1472716	1290875	776155	1065465
136905,1719620	1642104	522450	1733101	2642676
316472,1864233	2329186	2730930	762658	188272
2051495,1271958	375324	1423400	205039	717127
1546689,380840	1460472	2362916	2798483	1150463
2418376,2728596	1255311	194241	256095	424240
2068,2471510	1047027	1443706	587796	2103306
390753,1253283	2423978	463534	369259	77400
2400652,218295	1014576	2431753	1198903	1066529
610192,1695664	1961769	2827939	1156803	1859972
367737,2117401	529172	768546	1968833	223236
914022,1834588	2234624	335428	790148	2347945
914192,2130926	1939795	327593	1638214	617610
437580,2042526	309305	786265	1152058	2716169
2975273,1358418	1176027	1869782	743805	1623529
438863,118102	246301	1984327	1933555	803050
2353894,2778525	654127	2545040	2751967	194318
2803008,911450	761715	2772600	160223	1502840
1508236,2308451	1317915	494504	2413494	1312210
1944639,1834691	807267	630507	2163623	1160495
8274,2728896	1858896	266412	2313894	2012588
241054,1271958	375324	1423400	205039	717127
1493452,2357943	798068	1631717	1041331	892702
149589,1165989	195129	2335545	1196133	1121824
1479397,1472343	599226	1247833	1016837	968096
2887731,1271958	375324	1423400	205039	717127
147521,1271958	375324	1423400	205039	717127
1985731,1271958	375324	1423400	205039	717127
2148671,2295019	830345	2047066	2327904	588861
1255421,41117	895922	220721	105427	615660
502102,1423069	1891350	608547	1704256	343377
2295961,2183288	646306	2410885	2337816	384320
2786421,2690266	936742	1437165	2163710	1515551
1785261,2835320	830073	27517	522809	972918
132303,1032078	2553371	2755075	477856	600014
2530510,1039898	382153	2172405	468701	2694051
2902577,1271958	375324	1423400	205039	717127
2769140,2363129	1259237	2280301	1688480	113273
2188602,1251638	2057797	359818	1151891	1699177
323402,443300	1501174	2703326	784737	2002097
263073,1024324	2438615	1550762	1405761	1850433
2237513,475121	2317532	1130990	2574702	1370833
2357760,619556	2871	874458	2489878	1017778
1882494,1271958	375324	1423400	205039	717127
2050790,1477002	1373451	1228953	1091558	1418725
864233,2776300	1940721	1035241	1088900	361739
1089555,617554	188315	406154	1702556	42452
2051683,1271958	375324	1423400	205039	717127
2423548,1350963	1772767	2226682	759718	1807819
2974741,468120	1809836	2821066	2278374	714060
1109841,1550605	699104	1223012	947556	1173665
1503957,1271958	375324	1423400	205039	717127
929675,182754	2537646	2305682	252653	1789139
2466015,574557	1489467	2750191	220889	176021
1736042,1271958	375324	1423400	205039	717127
78069,1472343	1187250	259359	2743914	599226
13312,1271958	375324	1423400	205039	717127
1916062,1920047	139987	2603642	1541246	2298895
2558344,1971713	20442	2778525	605393	2555792
58798,749431	2447399	1978724	869264	2049946
1856211,792676	765652	1717731	2020553	1089257
1009945,1271958	375324	1423400	205039	717127
2202652,1696432	27592	300450	2550502	1712984
2567063,1433396	2221736	1258303	2647790	2289500
1969797,2295019	742821	195148	2736894	2695632
2388446,517392	1423457	1009819	2525040	1837353
1914187,2543251	2791339	483566	868804	2529247
167830,2451199	2632598	2436828	961747	2443576
489943,2833516	1151354	586387	888729	1212118
374399,799322	1983757	1461004	2701383	1987428
2572846,912679	1751209	562557	2492153	923199
1384319,1928254	1991583	2752218	703829	582531
529350,1860721	335428	743724	857250	1935876
1304283,1129899	1053542	1815327	2488006	2221568
333551,1164968	702963	586950	1552411	767563
1755697,568191	145514	74136	361102	604205
2219398,1588335	2434263	935718	79531	1672211
1787001,1271958	375324	1423400	205039	717127
1347937,354710	932431	1427387	770613	1114032
578436,1430344	1728410	1779255	1868293	1389763
1745281,1554080	554999	1427387	2337089	534307
2745015,2750191	399435	634598	153323	2720921
769056,2393227	1512227	1521704	2677786	1863049
707945,1503597	562726	2770160	1695664	211759
2536762,220599	2588638	2399855	2468672	2252246
796017,2172405	2694051	1886939	2778525	1597121
1453735,179144	2514951	904595	1664146	875438
56798,1271958	375324	1423400	205039	717127
895098,2234624	2804690	278589	2289094	2310939
1769252,99767	2115825	1408111	1294609	2680669
1861159,218340	2435373	2148882	2520740	644313
34714,1945570	2522661	2778525	1264178	441691
2912859,426324	1629776	1792273	265382	1125560
2505437,2778525	2172825	2046486	1053542	335428
2312592,1459811	2491016	1755659	883501	3450
1812046,709066	2783024	2045515	1900183	1708812
2326506,1271958	375324	1423400	205039	717127
2449167,1271958	375324	1423400	205039	717127
2226175,2789637	2532133	1988760	2156629	2699501
2751140,1086695	650901	592559	956715	2401760
2670890,2120112	298067	2597347	929465	991288
235747,2563490	2784811	926632	767563	1928728
1191593,1383022	2356407	2661939	2534594	1902524
28412,1641705	2083881	1077888	811555	629136
2239306,1903249	313851	882761	536047	830073
2501769,2264972	2807491	1631748	974922	973737
788512,284614	2308488	1901984	1759263	1099448
622156,921851	668146	1869782	743805	1623529
1958710,1365661	2161079	2656478	818020	2778525
134471,1210654	2300171	2635038	2131278	2035071
829897,2733860	857570	1796345	470725	2107316
2853307,894811	1181656	324207	2534594	2506278
1768818,431242	1165605	34937	625711	313851
261380,457843	1678317	2521154	385493	2581784
2130680,739540	715409	713902	1313364	939550
1700735,1686458	654547	2045904	229906	1317915
851775,2145807	1169472	1933464	2043970	1352147
615107,685972	1576126	96954	2631317	1859233
2419112,455510	2286792	1598355	524925	1759421
2729774,480007	1717731	2114453	115240	2088029
2086169,497400	1546857	1287892	733741	159201
726228,1146589	2689330	1939795	1790154	1481449
2939905,459908	1611732	1443706	1926071	709488
715400,818888	1386412	625711	518897	1410585
1209986,2825105	2285968	291669	1245833	1379326
2212993,928313	2118847	2213987	2203579	810121
1019006,452385	2778525	682361	2563266	453182
2806896,1545233	507346	558941	389326	1772053
101666,1149594	2394017	1942758	2182208	1470600
2583661,1130730	246301	1536324	1411003	648857
2636144,192008	1160998	2736147	2751893	943279
1539834,648429	1709691	1931308	183977	647313
2269468,193860	385493	1938510	132954	1974416
2701202,2323055	2094372	2524643	1306823	2575639
243269,1932410	1934683	2127112	1040022	1736735
2296357,1271958	375324	1423400	205039	717127
400524,2167510	568191	604205	141739	568225
1429865,2635038	1841463	138419	467212	1060524
1437780,2769532	1785536	615600	713745	2134083
2536845,443300	1501174	1830993	1504722	2693538
1660744,750048	2457005	479195	1340014	1965165
1110891,1433396	2221736	813510	2659213	2647790
2682761,1271958	375324	1423400	205039	717127
15548,2353116	1567600	662225	2411145	2636095
2984196,2806026	1935876	1556166	255128	95332
1506900,2218565	1067698	1876513	2716169	1164968
1281736,1271958	375324	1423400	205039	717127
2141846,1198122	2778525	2501356	1803686	2018302
2358647,635997	615912	649538	804805	1207821
576584,1356042	742019	318879	490987	1779599
1471604,2240006	168548	178693	270910	321612
2036927,194318	710856	1265042	1493955	1214627
79784,2821066	2164477	1033253	816624	2411495
254319,2493452	786389	1018627	2650926	2284196
422554,269069	770665	2813803	2261391	715905
775089,1126323	1430774	1701416	217652	2233057
2965703,829855	576752	1808280	3236	290957
2619424,44317	2703326	888295	679819	1299729
2519282,787691	2146033	2784272	1435340	875190
104921,675327	1416189	1244196	2329004	2687845
2712740,1271958	375324	1423400	205039	717127
2730731,1023152	1928254	2259341	1091958	367427
501088,319279	1984077	821591	2791339	551635
36396,1160495	1774990	635882	1252104	1496156
1359986,2813646	1673229	83460	273279	2795628
2203212,1271958	375324	1423400	205039	717127
303319,739540	713902	517937	2623832	587440
1397795,1271958	375324	1423400	205039	717127
311558,2116470	460717	794156	1140869	1053542
1840417,1271958	375324	1423400	205039	717127
1248079,1125950	2540341	577084	826853	1750525
327486,1003041	1320361	68304	1159455	1555035
2381850,2833516	2405262	309478	2653796	1723057
1983884,2050227	2141218	276031	500423	162820
1535173,739540	859978	713902	2749414	2190861
2485926,1244787	51108	2804922	284143	695864
2826458,1225606	2828750	2552625	2081670	956277
708606,1403803	225473	342723	992284	1665346
1227893,1813845	830537	833206	1768127	2002097
1519425,2778525	1306359	1226308	151809	2710106
9605,976487	2060901	1677326	2223706	798068
2755337,920377	2810254	186531	1623397	2107316
2829509,675327	1416189	1244196	2329004	2687845
675426,2540341	1700992	1078596	21529	524843
391398,1271958	375324	1423400	205039	717127
607835,2620343	2169449	1170583	906760	1231504
2963826,221757	2047022	2501411	886884	275226
1446384,2152649	326333	1736011	2001254	688989
2009409,1365661	799322	1461004	2701383	284296
2769485,1983757	1602405	2549456	1396517	2124761
1314598,2229274	1381938	1463972	1814249	807267
2242741,657183	1386412	343377	1379101	2314585
1695228,1271958	375324	1423400	205039	717127
2961116,865219	2093746	698634	1568293	17782
2536272,57460	937879	1044973	1293254	1116248
491986,1350963	823512	698891	2408448	2820256
2609209,1044362	2790431	1519543	2378684	1162250
802607,1683386	2380390	2234171	1347972	525891
626491,2471510	1047027	1443706	2558581	1513499
224374,1271958	375324	1423400	205039	717127
1620266,1069451	1984748	1804723	1004165	6222
728668,2698468	2788927	1742604	1614780	2751248
230431,788342	186124	1874092	2330317	350614
22178,159201	849943	2509154	2563266	2108903
60893,1113051	1772561	2552143	265522	1439913
83114,2478991	2093570	2791339	343377	1327316
1301924,2083986	1577400	1117961	2506782	2393614
17666,834304	568191	606794	1271617	792815
215331,299299	1747407	771646	680007	1219386
2447194,1591692	926990	1308061	788344	2778525
377628,1676825	2491011	1848773	1980126	1560749
1469629,2670021	1339242	733101	42438	574557
577200,1086695	1418721	1295837	1889254	1772561
2415593,1520277	1617355	1883980	795931	2705759
2822650,1271958	375324	1423400	205039	717127
1030801,912679	1779276	1646403	952102	2164654
2116523,813640	964945	1834362	1575734	863165
572574,2089734	2617450	1691516	2006769	1599043
2599637,2240433	98842	1529535	30640	2764357
1379042,972388	1206551	2778201	2025065	1516723
2740427,1271958	375324	1423400	205039	717127
931510,1983719	2624624	128039	754944	298067
2942237,372938	839008	1136513	1712984	2434263
2382302,2069583	1861838	234877	2779857	327898
726123,2700299	979124	267761	761082	2270687
1372374,2568339	2635038	1432415	554999	530592
115929,137527	760056	1233037	1424217	2005414
1352955,2013673	2197849	2412560	38628	903336
2941506,1884645	2832361	694833	197512	1406122
2460487,1317915	70657	494504	2413494	2308451
1419850,1069451	1984748	1804723	1004165	6222
2107050,2446758	1277973	2348573	2455056	457843
434740,1282647	1113051	2521339	2233845	1439913
278167,2806026	1636585	2677791	1935876	1556166
2851409,220665	528854	1354212	2763004	1749097
444190,2791778	2734492	1763290	723096	100468
1697095,1820087	195997	2501356	1803686	2595899
481488,1928254	1991583	2752218	703829	582531
1238655,1614780	2214708	2441197	823512	658618
455330,1059979	1739743	577084	2827170	355353
516971,2778162	1153851	1588335	2833298	2755079
1420666,1887309	1078376	289131	2087530	2794492
533092,1920124	1754000	863245	1418284	1454924
2405211,2789898	2835320	2401671	834304	2438195
2942683,2058119	1943315	1106543	1640333	1972454
1065677,2295019	742821	195148	512681	185795
2160415,1271958	375324	1423400	205039	717127
2128802,1591692	2727169	1169472	1294449	2488086
2525359,1619659	1472716	1290875	776155	1065465
984142,2430795	2664566	2260583	755468	1362646
2122354,1257150	327719	949304	1728197	847094
86285,1354212	1630505	1242409	1646701	729439
2349583,2417300	2802610	2436486	882543	291669
1254598,952102	597952	1439913	1177948	22987
2257055,744966	2659213	731690	2188683	299299
27845,10431	437051	2369679	2677549	537536
165530,1594285	2814847	1828156	5374	385493
264424,1042196	1169693	1276567	347039	205912
1451113,1097256	1167807	1279643	2308251	1878175
1228652,2180322	1119945	1761304	669712	2090350
1908300,1271958	375324	1423400	205039	717127
1308494,1676825	2491011	1848773	1980126	1560749
2589325,1271958	375324	1423400	205039	717127
2155791,143830	562914	991567	294831	1450832
1554816,2076797	583822	545052	2650103	615530
237544,2791339	2815295	2506235	2085408	1984327
1400661,194318	295029	1398665	710856	207319
1322965,1271958	375324	1423400	205039	717127
1570090,2312162	2011537	1797064	1691871	377787
2540770,2256791	2489878	1017778	1819348	754166
1519365,953263	1044973	1042196	847203	252698
2936702,925176	633583	1032110	818337	1078569
1329673,2186445	1791614	1563756	949723	2160388
1019038,1271958	375324	1423400	205039	717127
82320,1204475	2085547	194648	32444	2499917
1178554,2167510	497400	568225	1413540	2617121
2306250,1271958	375324	1423400	205039	717127
1005164,1386412	2422256	973863	2202501	141568
2165595,1713185	1920047	78818	1859894	1869782
840238,2700299	979124	267761	761082	2270687
1326844,2434263	710120	652158	144990	32878
2874591,194318	1337011	710856	479345	1520097
2650726,2434263	1165605	2176723	1530827	1098036
884341,2659213	2559475	70786	677534	2031953
2863688,39007	949434	829342	2564188	2828728
653365,750038	2340058	2690871	2669570	846292
473427,2058119	1276567	2091760	399214	2778525
1776827,1851291	2176438	1770232	1383022	2356407
1886287,2808334	2241130	2738695	1278190	1626821
1887493,2117401	529172	2145807	768546	1169472
1068041,1834588	335428	2139163	2093466	2071967
2905138,601375	2755079	1767726	2007648	1759754
2720944,1550237	573346	1213849	981752	818206
6027,2357943	1631717	1041331	892702	1039838
2796614,929676	1264544	746688	2289019	2608438
1568702,1053542	542603	2454467	2147497	547033
833330,306192	2568318	997790	2719617	1611974
874055,2489959	2707152	1470646	733653	1742604
2250327,2620343	2169449	1170583	906760	1231504
2051312,120636	592935	1682972	1287265	859978
280446,2184910	2591944	504990	2225055	443018
525932,1571417	847094	2217711	2232275	2385805
2738012,2719617	2271527	515119	1773240	2057797
1765958,218295	1014576	2431753	1198903	48915
1357373,2257874	2239755	1925138	2310495	1695664
1579289,1920047	139987	1403369	1289213	2603642
493290,1797097	2187754	2551513	1818501	1222478
1877948,1271958	375324	1423400	205039	717127
2182767,2789705	1867675	2399319	951920	606905
1266056,2282914	501957	479345	640147	317172
2898764,2282914	859978	1677326	479345	640147
1770536,925751	1920047	1244196	1016837	1256238
2087370,144129	786549	357250	1924076	2097145
51271,494929	70786	1781580	1657141	932573
2251082,1403369	1289213	1251647	2663943	230984
736136,306442	2051654	310653	889820	2426227
861257,813510	327700	2062886	1869700	2726400
2666032,1218148	1432568	640407	96717	1114032
1811403,2576738	632512	1223429	1647259	2141219
399654,2620343	2169449	1170583	906760	1231504
2861782,2789898	2835320	2401671	2438195	1258303
2345802,750048	2477757	479195	453930	1550099
1708750,1130730	246301	648857	803050	2826125
1917282,1337011	479345	1265042	1493955	1214627
2439533,2796479	1829820	1047625	1058877	155586
472919,633480	2791339	961637	34611	882927
2405929,1239082	1885598	2388846	2129549	808239
1035011,106801	810648	566036	2775898	1006459
2429484,1621345	1443706	1768848	2734883	2596732
2590066,1422576	920520	2825431	964787	1604535
2345554,2308451	1317915	494504	2413494	1312210
1273509,713914	1434783	635882	1014969	870209
288896,2611177	2197112	1175356	920145	259552
2391151,1306298	961921	399435	931519	2413494
903017,497103	2232019	2813230	1643336	2778815
2750436,106801	566036	2775898	1006459	1913558
2886421,1811700	1304752	1120107	1887309	373383
2239609,2058119	1276567	886778	2091760	399214
1088443,1320279	794156	603027	574598	270761
2084352,257339	2310379	642024	1680783	390015
1654352,2477757	1878823	1009366	1147345	2233080
2138310,2786340	1300172	994671	343132	677667
2300496,1140869	624081	315718	2032649	353772
14269,168502	902758	2615178	2435373	2148882
913204,2270467	2331463	508531	2574220	1806888
1842,899111	716504	121026	1584916	882152
566166,1594751	1796993	2007241	2622613	259808
2348183,1730803	2582558	1320361	1788379	2210816
1163943,2392150	2833767	387201	408083	545946
2691409,1271958	375324	1423400	205039	717127
491521,211036	2485080	750928	2620827	2508062
1904195,31053	2146119	2432149	530963	1181698
774301,1496156	2395026	243557	1594246	1829050
1504710,738984	2496247	1244196	457843	1232686
480780,1403369	1289213	1251647	1110954	2234715
1809964,2597094	907773	1834374	1754395	493171
1070151,2079278	1644077	1486947	1170238	214637
728183,1271958	375324	1423400	205039	717127
1235612,719706	2797267	527189	2223192	2075329
2875670,2540341	1087072	1700992	21529	524843
986272,1752047	1340660	484085	244777	528401
2308945,2232294	270556	2734883	44516	1547180
2946517,1013105	1368421	1355059	672563	350124
427035,1456429	2168475	1176027	2062719	2225842
2791324,214968	1902035	2643405	573546	2224778
1637205,1044973	252698	239491	583303	2335828
2319142,1790180	1530641	2127763	1123204	644659
2654821,840993	1109066	2146119	2432149	530963
171375,1430344	1728410	1779255	1868293	1389763
2521762,65781	1185293	2744235	1040045	1059637
1639381,1550605	105999	455510	859993	1086684
2431156,246301	63193	803050	2826125	990905
1258340,1613639	2124146	1079971	277691	230984
194936,682557	771309	2825105	78052	743018
2197833,1271958	375324	1423400	205039	717127
2865586,106801	566036	2775898	1006459	2540341
282841,1624610	30878	35677	1499394	879894
844750,479285	2476293	2414343	235378	2330731
908635,1036813	840113	1327819	1164202	2191534
76945,2751967	2777837	1784135	307250	1399783
2152123,1271958	375324	1423400	205039	717127
208666,357250	2706915	667505	1130730	980778
1036907,1754395	2223192	1730667	1317915	1986324
2795433,574557	1489467	2724169	504257	2314169
1265072,2127017	973448	2178679	747171	1430132
1331672,840113	2570027	2470973	1325551	917077
1198858,2264972	1144124	787747	1624021	2268348
686862,2359183	2065842	1797481	2539600	2259324
1793470,1118487	2312255	837496	1858543	955572
2594421,1271958	375324	1423400	205039	717127
2215535,2218853	1278966	1349446	1707444	1737492
1732586,2627291	211036	2485080	1368429	2620827
817659,657183	1707889	526501	2372849	147319
158231,1278567	94929	675502	2609612	1028918
1417138,2297312	601375	111201	2661295	2154167
2832027,133896	504257	2362308	2586787	505407
240929,2511002	387591	1052042	78338	1087072
1687378,501957	509633	2736894	1841463	2595020
307158,2655613	1319951	740707	1754395	784737
2475762,1234223	1534276	406777	2527062	624264
898429,1920124	1754000	152872	434666	2816640
531192,645837	2047542	640377	768905	2422536
44434,2332165	2718704	2089389	2797950	2058690
1868618,194318	710856	2571244	1879290	1803857
1302973,2595008	2774733	2725481	79531	1860941
113975,2511002	387591	1052042	78338	1087072
1181691,2394849	1445649	1340847	2609165	2112907
2278313,2277810	1434291	2561267	682069	1717731
754603,1317915	1423069	494504	826394	19682
2025606,657183	1502840	1226379	638712	2342619
2577259,952168	698891	392309	1989823	2524730
417634,1271958	375324	1423400	205039	717127
1051441,1999009	792676	765652	1978534	2295019
160529,794156	1886939	1274931	360505	1585842
1969126,872280	1014523	1363266	2111793	1838816
1624693,1093296	1867675	106878	721214	374388
873211,381226	1113051	2611497	2405211	2075551
2618940,1211919	985008	1645784	45969	307450
797908,1676825	2491011	1848773	1980126	1560749
1655544,504257	1919289	1514135	2313894	2771341
2834781,2183288	2625619	2060901	1677326	2223706
742147,1745801	750038	2131571	196631	1233516
2575655,2200859	852794	2181616	2590469	1686571
1545472,1536324	253152	1411003	549843	493166
560123,1291278	196678	1849329	592231	509113
287652,1271958	375324	1423400	205039	717127
1717835,1418725	2786880	42452	166394	2742208
1684896,2768170	215982	75845	79531	687732
1475870,852794	1423457	2762353	2332165	2564347
845523,1271958	375324	1423400	205039	717127
156207,144129	786549	357250	1924076	2097145
390330,2373828	1775895	707779	1510306	2318247
2675109,211036	2485080	2620827	2013441	1023434
2042677,1918063	2292605	2208324	746688	436574
2952605,457843	385493	2404075	2698468	328353
2972203,829855	100254	576752	1808280	3236
2341629,2797144	1244787	821462	68721	1877867
2819375,1271958	375324	1423400	205039	717127
1848436,830073	812195	1438891	790148	784737
946204,1430344	1728410	1751209	1779255	1868293
1170442,2232294	270556	44516	1547180	1354601
1035473,1271958	375324	1423400	205039	717127
2862354,1130730	246301	648857	886884	803050
2019367,981521	308760	2101564	2103565	1760050
2333961,2652769	2116714	1420908	1728442	2420135
519150,2047022	851795	1359029	2215787	1470600
647935,1271958	375324	1423400	205039	717127
1615653,2117401	529172	2145807	768546	1169472
2440156,2747710	2103565	1846748	2395289	2503426
639684,1444980	2011537	1797064	1691871	377787
505901,2651834	2024531	1601704	1850794	706931
1656501,1271958	375324	1423400	205039	717127
2574999,1634983	2083986	1531821	459760	2395026
1006216,1271958	375324	1423400	205039	717127
1986239,2118929	824606	1871213	594089	1389197
508199,846274	2446758	1277973	2348573	457843
1066427,1772561	2552143	631686	2482903	27663
436618,1719018	2650926	1317915	2171866	31373
541706,657183	1502840	1226379	638712	1814943
2169959,1766368	374388	385439	43306	2163770
695554,1189146	1934421	2454526	1088050	905498
1163494,332313	2652769	499178	1030448	2691749
1425215,1102260	1972115	406835	929855	1854085
1068729,516026	2164847	2100654	2053218	642020
303748,332313	2588758	292833	2659213	1621298
2953623,1977105	340716	487795	536350	818118
2723970,1271958	375324	1423400	205039	717127
2843235,1278567	94929	675502	2609612	1028918
2817257,1130730	246301	648857	1574295	803050
1122498,942253	1386412	1829314	335428	2813646
2381176,2683519	2552884	90273	760863	1056667
2093776,2036870	258239	1056667	2315902	2804518
259208,2568339	2635038	1554080	1229739	1432415
1715648,468120	1809836	2278374	714060	2589812
350848,2031674	1376234	1366236	890570	1844001
805025,1728410	1395757	585442	374388	385439
731692,978089	2159368	497884	793142	897808
2043265,1271958	375324	1423400	205039	717127
2584563,1003041	68304	1555035	2414623	1641420
1913224,952102	708734	2054897	22987	2164654
378570,668131	2358065	2443098	1073486	2774765
1844461,1271958	375324	1423400	205039	717127
106543,532897	919751	300959	100712	498836
1769731,1922189	1369022	1833339	27051	648393
1633152,1271958	375324	1423400	205039	717127
1791292,750928	532897	2508062	830073	1413864
2525043,2682328	537970	1814365	2237621	792138
522351,2625619	1074013	712901	366793	1520277
2417039,2392150	1408219	408083	545946	1233553
973412,2308451	1317915	494504	2413494	1312210
1964366,1689436	1383022	2356407	2661939	2534594
2287252,1271958	375324	1423400	205039	717127
1617493,2323802	2539405	1775151	802988	2415922
111602,2264972	787747	1624021	2268348	868082
2601724,714080	2608438	477718	961009	90580
1366943,780790	1516983	2683763	739730	880184
715304,1999009	1102260	112809	1862314	276791
1629871,1271958	375324	1423400	205039	717127
265324,1755502	141176	2123252	1036813	2326449
1440567,1211919	45969	307450	2058119	1836752
1677554,1056317	2523228	2692961	2661359	818187
2588690,1676825	2491011	1848773	1980126	1560749
2462524,1271958	375324	1423400	205039	717127
2753966,1278567	94929	675502	2609612	1028918
2769127,1496888	2195477	2265880	570668	932497
2208084,2404405	679564	1980837	1677336	922643
2347255,2759974	692994	2490294	1903759	1758621
1702939,2777837	502478	1980837	1677336	922643
1550172,1277012	1793593	739730	700216	1835731
2827881,760026	12086	1069281	1244196	2348027
1174736,1271958	375324	1423400	205039	717127
2760190,2323055	2094372	1495140	1108923	564064
1408606,750928	2508062	830073	1413864	2791339
1355398,91353	72293	2401760	823512	1269685
934532,1686458	654547	882543	2045904	229906
907899,2280352	366753	98556	148304	148296
2670473,886884	275226	274172	1436505	2778525
275364,2712821	2643193	1937223	2602013	1676825
2583974,1814343	921497	1678673	1790746	1467451
326583,218295	1014576	2431753	1198903	1066529
2706887,2392150	979877	2061567	2464341	1363485
2088767,1271958	375324	1423400	205039	717127
2096160,1287265	1013313	1389763	1540667	1430344
1130479,2264972	1144124	840993	1109066	787747
1619309,1251638	961545	1958648	837321	2267195
1569429,2635245	266412	2796479	1679143	2309923
2875324,1271958	375324	1423400	205039	717127
1209566,926990	1765174	1308061	788344	2778525
314156,813640	177825	788342	964945	1834362
2868778,1271958	375324	1423400	205039	717127
614655,1346380	61030	1117014	2279003	1706564
1583398,300430	848698	1226526	1078856	2293928
581806,1933555	2744606	2123764	59311	982847
1980847,1069451	1984748	1804723	1004165	6222
2321916,1116248	237670	1047625	2313894	767198
1638414,19979	18853	2058119	1524656	141198
2504300,1077063	2470569	2593483	2438576	921978
2597509,182754	2537646	2305682	252653	331730
2148488,2270467	2331463	508531	2574220	1806888
1777909,1115692	2594954	15636	910204	823512
1724509,2598929	1647259	2141219	1014125	1747603
2067403,335380	1848773	714080	976482	1332525
924008,2530342	2696956	1218148	490987	1779599
2435407,1476202	1759421	2131278	2051660	2180538
1448897,2767539	938102	2480706	784005	1825255
298686,1676825	2491011	1848773	1980126	1560749
1473872,190855	654127	2545040	2062719	753603
1184187,118102	388915	1597555	1348314	2550553
1870832,657183	1502840	1226379	638712	1028208
1082673,2264972	787747	1624021	2268348	868082
1149571,1514804	750038	2636095	261126	1573058
2956859,1340114	1568800	2677110	1072730	1102398
1569440,294270	1530155	2467965	81961	1712024
1863517,886778	1938924	1861037	2246248	2444603
2674815,2295473	648769	1213335	2072476	2438531
341144,1678317	2521154	385493	2581784	1031643
2844159,811087	436574	1571702	2356407	261467
2385883,1271958	375324	1423400	205039	717127
814355,2205815	612404	2738695	851554	1176021
1589684,750426	319530	223201	2796479	2122050
2274908,2750191	399435	634598	153323	2414424
661730,829855	576752	1808280	3236	2574702
918552,965909	1772767	1786175	1707889	2226682
1025036,1271958	375324	1423400	205039	717127
2431315,468120	1809836	2278374	714060	2589812
2303582,432229	2656290	278589	798477	2392150
1749870,2264972	787747	1624021	2268348	868082
1346233,723096	2470117	505407	889286	2433732
2496893,2172405	2694051	2778525	1326632	735851
697626,2027139	2140585	1025846	1511831	2634994
2689831,654127	2545040	2558257	2412167	2778525
966692,1116752	2093594	688689	803962	1513499
2587997,2496427	1322673	130593	249869	2376419
781990,623006	2598619	1827114	1811496	1184304
1216517,1789139	1751200	668146	2832361	1816811
1164306,1271958	375324	1423400	205039	717127
236730,1053542	1358161	2182715	1383477	2004205
1473436,1118487	2312255	837496	1858543	955572
6698,1081513	709778	1179512	246004	2824011
941181,1265969	1509869	1584545	778565	1443908
2107084,1599559	2323055	2094372	2826101	1025299
2587906,2169449	1170583	1231504	1521079	1460231
323799,683831	830073	1739521	2154733	2730242
978734,902049	714653	1808280	718370	687478
98798,653858	555960	1018627	2109684	723096
1599275,1460206	1103679	705760	19330	2820720
437400,2774733	1420549	233445	1402854	276031
1672016,1449030	2239335	146909	9393	2767340
2426409,1271958	375324	1423400	205039	717127
2737644,1271958	375324	1423400	205039	717127
1907105,432522	1868109	562521	1176840	2799690
1739190,1512227	1876350	1551777	1863049	2133175
2171210,2778525	2106707	79531	2665336	2582944
2266661,1967785	2813803	2261391	2613992	2115568
1934317,1676825	2491011	1848773	1980126	1560749
2196851,2359183	2803738	1838864	1036196	2163175
1152719,1271958	375324	1423400	205039	717127
2774684,2167510	568191	604205	141739	568225
2599898,2167510	497400	568225	1413540	2617121
1149181,1591417	352091	1799849	1823148	1933430
2649204,261339	683899	807040	436574	2730930
2278748,1271958	375324	1423400	205039	717127
1029411,95806	2256370	1018627	2477239	1134688
303899,2440541	496274	618254	75878	1964249
2325987,1724149	1458986	1244787	2002097	2358399
2032371,1676825	2491011	1848773	1980126	1560749
2358985,2808334	2241130	2738695	1278190	1626821
972735,1381522	164045	1911434	61154	2073725
2516489,1271958	375324	1423400	205039	717127
1299880,517392	1009819	2525040	1837353	642179
1780121,526501	1604573	1806466	1541719	1598124
1645187,1919899	1925971	782889	33583	1098998
1637079,1509347	709653	2807311	1780723	513437
324402,568191	604205	141739	568225	1413540
2784977,1271958	375324	1423400	205039	717127
1573892,1320361	1824686	2235265	392310	1686571
2147552,1271958	375324	1423400	205039	717127
1771070,182754	2537646	2305682	252653	1789139
1745745,2724169	1386403	2833767	387201	1087105
195614,630403	1471146	1636910	558352	965070
239472,1271958	375324	1423400	205039	717127
1433245,1114586	1907738	1943746	1394958	758125
1975538,2690871	2663588	233304	697695	2583286
527862,570413	942253	1984327	267654	2791339
293647,2568339	2635038	1554080	1432415	554999
1041692,567677	668131	2506235	2005303	2273158
2557936,1509347	600917	2807311	709653	1889008
833504,1278567	94929	675502	2609612	1028918
1281282,886778	527189	2132793	1861037	994225
1972016,2635245	1328580	56834	2329029	2476279
60948,628580	1016837	1233969	128834	1311184
2583474,2315490	128605	2290641	1900183	186970
1948266,1271958	375324	1423400	205039	717127
1923034,1676825	2491011	1848773	1980126	1560749
904846,412119	442239	998774	1516770	714730
456407,218295	1014576	2431753	1198903	48915
2637355,2497826	1381522	164045	1911434	61154
2947905,656507	1977105	2389707	2592829	2324189
1442428,1920047	139987	2603642	1541246	1894983
2232403,1271958	375324	1423400	205039	717127
2117441,1866139	1569008	219154	3236	2265880
1080852,24803	6102	1854295	882152	1978865
829516,2282914	479345	640147	317172	2161079
2924073,2167510	497400	568225	1413540	2617121
1210880,2368824	2162392	2310379	1878823	2791339
2150472,750048	479195	1340014	540331	1205954
937189,574557	1489467	2750191	220889	176021
665472,1663945	1036813	293906	667239	1327819
1709927,1271958	375324	1423400	205039	717127
614474,1422861	2822835	1085629	10572	415358
855236,1130730	246301	1905458	648857	803050
2794394,1403803	225473	1317915	992284	1665346
2837152,696554	1320279	1328608	794156	603027
2649070,933472	1213849	671150	1069424	1525111
1773045,1301883	1716099	1939967	1927789	2723575
2971668,1271958	375324	1423400	205039	717127
2155458,1263310	731072	1803686	1701454	2069378
1543529,1271958	375324	1423400	205039	717127
1297081,2778525	1754395	527189	2223192	1730667
2636571,1271958	375324	1423400	205039	717127
799408,1799849	2629501	1278567	94929	2371249
1244436,2025243	1018089	2591207	2641962	2098032
2843091,679627	2107316	753141	2554433	1531216
77638,1773233	2115187	1934117	2033951	2635617
802068,2530215	1431567	137016	905378	735617
2038873,2471510	1047027	1244196	1551156	1443706
1922238,1884645	2198329	1406122	954870	1522487
2263900,784737	1244196	2796479	90273	1476432
976965,2156629	1325341	1085942	1635921	2298895
147664,42452	166394	2742208	1432284	579847
42711,2588710	1560443	2470778	1677336	1349223
607211,2611177	2197112	1175356	920145	259552
2039829,2750191	2174040	1293865	339478	1754395
2055550,31053	2146119	2432149	530963	1181698
1500366,2690403	794365	727516	179144	2680613
2604323,1376058	1295792	2476988	2471983	666744
73471,897329	929288	2051654	889820	2405262
656695,2099774	2534034	2162061	2771189	688689
2440528,2440541	496274	2126862	79531	618254
90275,2640781	997263	2164559	1829348	1583803
992369,2521339	2718017	2437289	1213698	494929
2127969,829561	742815	2220652	729163	1647259
1889609,1211919	45969	307450	211769	247748
1606432,654127	2545040	2430795	2777837	2778525
786001,1983285	561248	512681	850402	1000645
151116,1271958	375324	1423400	205039	717127
106534,1477002	1373451	1228953	1091558	1737182
2487631,2803376	130230	1958648	837321	2079448
1012115,194318	863245	710856	1180314	660016
455324,1613639	2124146	1538282	1368635	1993977
1796155,2127017	973448	1734195	176021	2057797
420281,1509347	709653	2807311	378726	1494361
2358099,2574220	1806888	2270467	2331463	2463195
2695173,400263	2265745	1318505	914686	781048
1028430,158526	2321584	2181792	1456564	1206860
1736241,1793515	667505	2409485	1283857	1041957
754593,840993	1109066	2146119	2432149	530963
154637,1780894	2018333	739730	318879	507041
1285542,1045268	2288244	368328	2275112	2148301
121312,2829667	727534	2468829	602488	808178
16675,2117401	529172	768546	1376058	1968833
1240296,501098	1240553	2594163	372245	2021114
2667369,1052042	579847	158621	2120243	2821605
1597287,768246	1583058	350614	2807491	1631748
1115624,2810974	394738	638053	1236815	1917863
2136018,1414147	852794	1916970	1053542	1315443
904848,2223098	380840	1053542	71285	1460472
1784022,1317915	1770232	494504	2413494	2308451
1446916,1053542	2547597	1647094	267654	2470523
2264895,1271958	375324	1423400	205039	717127
449729,1271958	375324	1423400	205039	717127
29562,1091272	2478991	1617355	1883980	795931
1101077,1350963	1985574	1477734	162961	706543
1935127,34919	2665493	108757	675194	987071
1719676,952102	22987	2164654	1618334	1338516
472854,461272	1993445	42438	1839583	1295316
420764,1271958	375324	1423400	205039	717127
1492760,2513319	2033443	673942	544729	939550
2037995,787691	2146033	2640234	2784272	1435340
723409,580059	818888	2616946	306192	1651346
796545,1965165	2803577	1277973	1218016	223623
130725,952102	760026	22987	2164654	1618334
1957420,2791339	1368635	2013441	1023434	2283042
287882,810121	68392	2292128	2436920	507451
1279498,1619659	1217083	1472716	1290875	776155
1408337,2540696	1191007	554760	2117630	49764
974909,2214218	473211	1671267	2611099	1357215
1731805,1255884	1912509	1873845	2418842	1100257
1380082,761082	2024094	467332	134458	18121
2277177,2076797	1085942	908778	394095	2062331
1548035,643205	1596124	1492887	781759	1287323
554558,1271958	375324	1423400	205039	717127
1909822,277854	722297	2061028	144715	1155556
2174227,567617	1639686	2778525	1069281	1128805
864273,1602405	2549456	1396517	2757179	1993954
1680116,32871	1705434	1614780	2363220	714313
2401287,1271958	375324	1423400	205039	717127
1602150,1271958	375324	1423400	205039	717127
2265306,1918063	2292605	2208324	505986	58510
930894,1606360	2770160	418194	916521	902284
1066931,1830824	158526	612404	1456564	2667401
1843764,2295019	1421265	2618028	2235995	1253283
2344899,528854	1749097	1477953	2277294	2124935
1219518,554760	2117630	49764	1096406	2216602
289441,2264972	787747	1624021	2268348	868082
1831223,1513499	1480869	2808315	117382	1165605
1838361,2125125	2039263	749431	2374046	2198238
1384503,318747	2781618	668146	1754448	1684773
740611,2778525	2352653	899111	824153	1047625
2309201,2809413	1634983	1864789	1830993	2614802
1378443,1271958	375324	1423400	205039	717127
1058700,1271958	375324	1423400	205039	717127
773174,2778525	2633391	490987	1428727	830073
794332,2127017	973448	1734195	176021	1751819
456392,2131442	519853	2157916	280414	2145683
1382302,2085876	171493	2257874	2310495	1695664
1817287,218295	1014576	715409	2431753	1198903
1241119,768246	1583058	619556	350614	874458
927607,1497942	2089810	953742	2247089	746688
2123215,855476	2113104	116630	1301883	2295473
1136532,286895	226371	1922872	1269812	851845
2477140,1884305	1126753	10571	1086684	1129891
175657,2401760	823512	2396714	925493	653139
1361276,2024094	467332	134458	18121	335428
70987,594373	338695	1267056	1423457	1418721
1039962,2223098	380840	1460472	1850794	1150463
2001880,1927458	2477757	2789271	2509154	215982
1780774,1570549	1650900	1241464	472594	2652945
624933,1717731	2020553	1089257	2205259	110421
1590002,2807442	2828750	2552625	1024324	1892943
779611,2194493	1492887	1634962	98202	562726
1801140,1093296	1867675	106878	721214	437051
2830891,2778525	500342	2633391	586387	888729
1772482,657183	1562031	1569759	725694	1849832
138017,1733308	2348573	935545	205359	528854
1488,1081513	709778	1179512	1550605	246004
1637278,373199	2718689	1681341	1817212	811517
1688854,1287265	813128	1565544	1708813	942549
1221686,1509347	2807311	709653	1889008	1752022
1024987,1271958	375324	1423400	205039	717127
1076073,206968	2480870	2704960	2521339	560550
2004838,437920	739281	1876214	2265880	1893616
1571607,2233540	1624610	1158721	979877	768246
1491159,784181	621322	772366	823816	1717731
351232,1271958	375324	1423400	205039	717127
1160224,1422861	1143366	315406	1274336	529820
788724,2031674	1376234	2590469	2200859	1494361
442571,28114	2096295	1679143	266412	748088
746244,1271958	375324	1423400	205039	717127
529096,2491392	823245	1125851	139405	953446
1473829,266412	1084469	1386412	447985	750068
1316177,1077413	880845	1432388	2567436	2753488
1074359,179144	1925138	717081	1267056	2719016
435047,1130730	246301	648857	803050	2826125
1322226,2063098	1430325	552929	786684	322263
2168922,168502	902758	1007332	2615178	852409
2666418,820393	182754	2537646	2305682	252653
448711,1271958	375324	1423400	205039	717127
617560,2063265	747388	2339912	1853051	1877487
356139,1004270	2719617	2271527	515119	1773240
2597221,1350963	526501	1985574	1806466	1541719
2800268,2262045	1647259	2141219	1014125	548475
53370,468120	1809836	2278374	714060	2589812
844436,780790	1516983	2683763	1053542	739730
2413533,1271958	375324	1423400	205039	717127
2946694,24803	1854295	882152	1978865	1576126
883208,620187	141754	2268052	2077469	1836210
1292142,1676825	2491011	1848773	1980126	1560749
1256009,1271958	375324	1423400	205039	717127
233967,1670455	814584	596734	1332525	2573601
673052,2016870	497114	1682843	1121086	866270
1549037,1659908	2086041	2157930	211778	107638
2327424,1751209	597952	2667809	562557	2492153
1298267,482435	430533	723777	2415033	399596
1929849,1693931	1607506	981712	63161	205039
2945420,1355739	2304657	1593120	2447834	933305
1012096,2002097	684050	1776330	281499	1093974
2292885,2594163	2289895	2734492	1631345	2477239
2569619,1663945	293906	667239	1780723	513437
2439826,1602777	823512	580059	2778525	2816640
2174868,2825105	2285968	1930991	77504	78052
10522,2568339	2635038	1432415	554999	530592
1164329,1116248	237670	1047625	2313894	767198
728276,359818	1151891	1699177	2476293	551019
1651216,1423069	985323	53654	1322673	944523
2524423,1790180	1530641	2127763	1123204	1984327
41649,2218565	2512440	1177626	1310430	730820
1488301,2392150	717673	230984	675762	2148842
146547,1028208	465196	1563315	992801	356803
511299,1271958	375324	1423400	205039	717127
2215169,1164968	702963	1106543	554760	306161
1629891,1536324	1411003	2008440	1754395	2521154
1204087,1208264	1613163	1877487	890977	2016770
1207086,1826131	522792	288942	1887979	572219
1673442,561576	1559941	1114514	18872	1785043
1357405,685054	471718	2728896	1858896	2730174
6608,186970	567413	1365590	850988	2634468
918773,2592733	526880	1580999	2368925	2452583
1565616,1271958	375324	1423400	205039	717127
2058411,1271958	375324	1423400	205039	717127
1897620,2308451	1317915	494504	2413494	1312210
557268,240663	2545674	2004222	40364	2414343
2620384,840993	1109066	1676825	2491011	1848773
1457215,243727	823512	1669749	2302140	1825006
1365745,1116248	237670	1047625	2706327	2048983
2050257,2710864	2452583	339600	279811	880871
2104564,2405262	1624610	30878	35677	2205815
590346,787691	2146033	2784272	1435340	875190
203609,2264972	787747	1624021	2268348	868082
634195,750038	221840	2340058	2596732	2766899
2114592,1105508	1586192	2378112	240780	2129958
131940,2778525	2352653	955580	823512	2115544
103104,981521	106443	2236705	1650549	1096848
1868700,2770160	2571170	1634983	2224432	896714
196490,701591	902080	718372	841721	498369
1396935,1242409	1646701	2235995	1253283	54663
2580923,1642285	1981914	1404616	1474342	104283
1102647,414495	1144957	658748	2701105	1918553
1846330,2683519	1872856	2491435	2466755	2521597
1314542,228623	1901910	2035071	32535	1311972
265633,57460	937879	788342	186124	1874092
1111179,1980837	1677336	922643	2147497	547033
2884467,243727	823512	1669749	2302140	1537201
2804768,1014837	1984327	1869643	2289024	1159191
2848208,2409634	2820256	2371305	405256	1951779
2693513,1983757	2729424	2309131	1056667	1774205
1420037,2323802	2539405	802988	1977821	1729147
1506491,186970	567413	2080964	2410793	16356
1293849,1271958	375324	1423400	205039	717127
1693483,1602196	392985	412007	1656449	2734053
713598,1429441	2688816	926828	522390	1284528
675868,220665	1165989	2532364	2326685	2183288
2107034,1271958	375324	1423400	205039	717127
639322,1751372	50529	1302036	1309879	1163578
800013,1550237	573346	1213849	981752	818206
2531036,2778525	2398327	360483	2633391	851876
2143356,2698110	277674	2050663	651101	1346209
2175248,2652769	332313	1041709	1548072	765477
2220985,2619129	443300	2335545	1541196	1501174
1892503,2506938	371042	1758076	2642889	926585
2682604,425471	2388776	2821403	2284744	735240
2266394,405256	1951779	2802026	512681	1635921
206701,118102	1792276	1200307	1717372	2143699
2175560,109603	1507845	1830824	62275	2564909
2813781,169138	2430795	482435	2444261	309120
569155,2618175	830372	1636910	1446073	1765833
1112990,2478632	388915	1920047	101455	2302683
2614331,2233540	1624610	1158721	979877	768246
1117844,1194598	698337	1066722	2113458	2163770
1560930,2736894	2635038	226371	2561267	682069
1487099,218295	1014576	2431753	1198903	1066529
184048,2506938	371042	2642889	309768	1717731
1953392,1751209	562557	2492153	2347351	2634994
2337933,1153961	2244505	81814	840993	1109066
1977994,2093570	1038282	77400	829419	1491927
347923,2591944	1918063	2292605	2208324	2712481
2520665,2500175	1550237	573346	1213849	981752
2513419,881158	2499805	2032728	2371711	459760
2477897,1069451	1984748	1804723	1004165	6222
1218246,1271958	375324	1423400	205039	717127
192447,399832	105999	95806	2256370	2549124
800542,1164968	702963	471148	723777	586950
2580498,1271958	375324	1423400	205039	717127
51380,12160	654127	361814	2545040	2778525
1463329,1352433	465558	2268069	1620422	1984327
1230436,169138	1403475	1277034	1945860	820393
484287,1271958	375324	1423400	205039	717127
1819398,1864897	114262	2066526	34919	2812130
2708587,2385938	988691	612412	2353766	939550
1728296,34750	970038	805193	676162	1827848
2414271,1156803	1141086	1430029	1386412	1067222
303234,2264972	568191	1144124	787747	1624021
2965516,1271958	375324	1423400	205039	717127
2843080,1255311	2292128	2436920	507451	1845984
2558824,1520277	433548	817451	2707666	278589
2132787,70018	1081017	1758923	2343092	2398842
818180,933485	811929	1244196	1550480	1630704
797680,2282914	887324	2184910	479345	640147
980538,194318	710856	1520097	882152	1864454
2699148,738550	1434291	400328	2142717	2161784
2446076,2778525	1350963	1327096	22107	2783360
611930,183559	1237831	2155146	2239755	680630
153053,468120	1809836	2278374	714060	2589812
2176320,1733308	935545	205359	528854	2251439
62995,532897	1726634	1805606	487921	1201180
581562,500342	1886887	2069378	273279	812479
188906,1271958	375324	1423400	205039	717127
618887,2401760	823512	2396714	925493	653139
354151,2540341	1700992	21529	524843	1058425
231199,1354212	1630505	2169654	2778525	1325341
1669032,657183	1502840	1226379	638712	1814943
1907041,1642285	1981914	478138	1711745	104283
1874051,218295	1014576	2431753	1198903	1066529
2569107,1271958	375324	1423400	205039	717127
2185076,2808334	2241130	2738695	1278190	1626821
2247813,2652769	2634468	1106225	2392996	2262097
1439392,1271958	375324	1423400	205039	717127
4362,1140869	419068	2759789	1686458	1814222
656643,1918063	1864454	1321795	1437335	2869
2718375,218295	1014576	2431753	1684803	1198903
1292552,2024684	625711	2734883	1024324	2021532
2042553,2540341	1700992	1614780	21529	524843
1761514,1772767	2226682	759718	1807819	2716174
1105510,895510	2791339	1808862	1126245	1319581
2810487,645837	640377	2422536	31714	387569
2348827,1764845	238740	639982	1964147	162125
2512397,753264	1017698	2625747	2054656	2654628
2803055,698350	1360662	823512	2097354	1053542
727411,1271958	375324	1423400	205039	717127
1678836,2434263	2176723	1530827	1098036	652158
463221,1241389	2035071	32535	1311972	1976529
917996,761082	2761056	2237621	33540	2179838
2432873,2830587	2206946	2668302	470078	2454526
1315466,2229274	690591	1381938	1463972	1746283
1480571,1271958	375324	1423400	205039	717127
1742682,2037855	683831	281975	2525248	411162
2215555,1381522	164045	1911434	61154	2073725
2868210,1464633	657183	1124915	2632529	1386412
2500161,892196	1928254	2363575	921425	490302
1162307,2394849	1445649	235378	405319	1158697
2909925,1306298	1905210	1492358	2380037	2185434
2398206,221840	1866139	1569008	2596732	2766899
1848212,2471510	1047027	1443706	573820	715107
2581079,1026600	804384	1482306	466845	2107316
373257,1550237	573346	1213849	981752	818206
918341,2167510	568191	604205	141739	568225
1594823,2618175	830372	1636910	1446073	1765833
1169139,2533348	2080964	141739	1244196	1750612
1101351,1271958	375324	1423400	205039	717127
1600642,1271958	375324	1423400	205039	717127
124833,1130730	246301	648857	803050	2826125
1849957,1984077	469615	2791339	551635	2803376
2341490,1194598	1066722	1069478	2255147	2113458
2541064,246301	803050	2826125	684050	2760975
53638,1386412	2202501	2584662	2658098	1845668
2949748,218295	1014576	2431753	1198903	1066529
520918,1430325	2728596	2411858	1548362	1255311
794798,953263	868942	847203	2789898	2835320
764768,1271958	375324	1423400	205039	717127
577159,1302512	2395920	1928254	1717400	579292
2047629,469615	2803376	688689	812195	1165470
1779793,2778525	2633391	586387	888729	1212118
2102970,2096295	2559475	2698468	92454	2113458
901953,42452	166394	2742208	1432284	2786880
1640133,2540341	1700992	2002097	21529	524843
139185,145826	2121964	2778525	2172825	2046486
2302744,2709925	2827620	473807	334758	1513499
905450,2710864	339600	279811	880871	88213
1408490,1229739	1684803	2720229	1053542	2790626
726284,2079278	1281728	2491275	1260531	893799
2298888,2727626	2778525	2633391	586387	888729
334990,715272	383531	1345770	694833	2292183
2526136,2240433	98842	1529535	30640	2764357
1473010,273279	2069378	2721460	1746486	1107252
1733528,1069451	1984748	1804723	1004165	454939
2508346,105999	1550605	2264972	664949	1217373
1002504,2614802	98760	1740143	2119782	2700299
1908383,362400	21100	1792276	1200307	1717372
1294227,1164968	2002110	497400	769613	1641364
2179256,401145	2733213	698891	2426238	862371
1097441,1550237	323861	1009707	692613	75878
2874256,331583	1729970	1944368	832422	2643215
1365816,16356	867260	1502840	2151517	2562780
1298437,2332776	2169654	2555437	522934	1578001
1308723,145120	2546327	2382705	1045749	216809
1938187,2031981	569889	1673229	1053542	2380306
1297953,1271958	375324	1423400	205039	717127
1961699,145120	2546327	2382705	1613639	1556166
1867008,2117401	2349039	2620343	2491016	906760
764459,2437289	2535204	2654651	1281736	1310850
515776,2820256	807419	2228095	958759	1433803
1403555,1271958	375324	1423400	205039	717127
70358,2747710	2103565	1846748	1116248	237670
966963,2446758	1277973	1513499	2348573	1165605
1203672,1028417	2274427	1058296	1141074	2174587
541771,2074368	837266	1618316	1642285	2741243
2579662,612155	2826101	1521930	1806466	2048072
1205772,2704123	1262371	333993	269398	286278
2570785,1271958	375324	1423400	205039	717127
1563046,2405262	2205815	2561267	682069	1965763
1803949,780790	1516983	2683763	1982016	739730
1767615,1271958	375324	1423400	205039	717127
97375,1150284	1110229	534063	2686521	2370550
2192442,921851	2198329	1633051	5269	1884032
1941700,478799	2146504	910204	143348	278589
66507,657183	1502840	1226379	638712	1814943
1461429,1983285	2451199	1276611	145514	992512
181782,2640072	1165869	2129958	1358505	622008
2032801,1130730	246301	648857	803050	2826125
152067,2497826	698350	1360662	494929	1863074
937123,952894	457843	1435315	968935	1930007
172473,479285	2476293	2414343	235378	1066013
2783290,2622845	2309062	178538	1634962	606659
2636496,1541359	1391673	933305	1204475	2397044
1510772,526501	1887951	1819671	1806466	1541719
1591084,2727626	1162250	1671654	2557272	2048343
2139634,1602777	2304858	1079971	230984	675762
1345448,2168063	229304	779190	211863	2326685
636572,1271958	375324	1423400	205039	717127
495732,2727626	2741329	385493	904595	328353
2864650,2167277	2522661	1516793	739730	306381
2764030,1304752	1120107	1887309	373383	380688
2065131,2096295	218295	1014576	2431753	1198903
2380181,69874	1317915	1244196	468120	2409634
521577,2022281	2260247	265633	1043254	1621608
1732282,2574220	1806888	2270467	2331463	2463195
1111729,2750191	399435	634598	153323	866080
2885781,2076797	1819338	1701416	2205815	615530
1578699,1953846	933025	1850794	1423751	1271054
1726545,1430325	2411858	1548362	2438123	2791339
2260042,1990175	894179	2512859	2273864	1536621
1954639,1271958	375324	1423400	205039	717127
488122,1497942	2089810	953742	2247089	746688
692587,1271958	375324	1423400	205039	717127
237062,159201	750583	849943	2573562	60819
803688,2357087	668146	1248024	904908	2085818
1929792,1271958	375324	1423400	205039	717127
1236821,2051660	783028	1849280	768905	1695664
154717,1271958	375324	1423400	205039	717127
1042498,1318286	1516988	2152454	1106543	705214
2043004,1358418	130230	2699470	2052994	2057601
825831,1271958	375324	1423400	205039	717127
1195895,261110	1638662	95806	2256370	2314600
2677441,799575	1113051	70018	1439913	2562177
1855757,1676825	2491011	1848773	1980126	1560749
73123,912679	1496888	2375182	2551123	1467911
1907432,1430344	1728410	1779255	1868293	1389763
1959623,2796479	1114100	536047	2716700	2079601
2653066,723096	2778525	961740	2234524	2097354
1585717,1430344	1728410	1779255	1868293	2674994
792299,2350231	1907537	672601	778969	2375759
1041827,2497826	906842	276300	2186189	1897600
900880,1756974	180382	204273	1041388	436496
709966,1271958	375324	1423400	205039	717127
2214934,1317915	2062731	1560443	1622544	1981600
907723,1271958	375324	1423400	205039	717127
2082919,1526450	2778525	1615362	257496	193483
2066582,657183	1502840	1226379	638712	1814943
1979104,1760050	1773472	275841	868326	1925211
1393538,1261728	2625619	1923330	625711	326765
2974459,1713185	2435715	1573829	148296	1087533
2258767,2035071	32535	1311972	1976529	2401760
1097380,1214056	1227036	66422	698123	287676
1982898,972388	1206551	2806026	1935876	1556166
2192927,1895380	662338	274213	2254875	1357465
1970937,1797670	1030279	2382444	1734097	794189
483563,1317915	494504	2413494	2308451	1312210
1252733,2805460	23873	1263986	1576126	2347351
506176,233519	1200177	2746931	784932	2335481
2141473,659576	967268	66012	1457851	2638163
2750724,2659213	2501356	1803686	1553155	1624610
1122434,1271958	375324	1423400	205039	717127
2572329,2109795	1766092	171702	1559812	433897
1723323,2394849	1445649	1340847	2609165	295512
567063,218295	1014576	972388	1206551	2431753
1290687,1271958	375324	1423400	205039	717127
1107302,654127	2642252	2791278	2545040	412692
187999,332354	2063876	1753601	1185847	215982
1397691,452385	894811	1181656	324207	682361
671118,1271958	375324	1423400	205039	717127
2235930,261467	1901910	579292	774667	576129
26300,1702076	1531150	2833141	712209	1095941
470280,2553371	2755075	1244196	574743	241847
2586979,1271958	375324	1423400	205039	717127
27638,2651834	1601704	706931	1823509	144873
850538,645837	640377	2422536	31714	387569
1897158,949304	1864454	1321795	1437335	2869
2671732,319279	1984077	821591	2791339	551635
1836880,1271958	375324	1423400	205039	717127
1018656,1271958	375324	1423400	205039	717127
2842449,1271958	375324	1423400	205039	717127
2386468,1754395	91611	1911273	1730667	1317915
291880,1913461	1047077	1119945	1761304	2439617
1096900,172909	278589	1244196	2307045	2194432
1769598,1841463	699104	554760	2117630	49764
548993,1278567	94929	675502	2609612	1028918
2500133,1695664	1492887	1250305	421524	2635038
245529,1621345	2645142	952014	1260308	1823898
29449,2521154	1364017	2232458	906603	1684773
1130640,1271958	375324	1423400	205039	717127
599007,1521178	2622845	2309062	2543251	2082741
1290303,517392	1423457	66912	1009819	2525040
1295509,2223098	380840	1053542	71285	1460472
177529,1091272	2479643	2030932	1958283	1775397
2194813,1271958	375324	1423400	205039	717127
1851932,1271958	375324	1423400	205039	717127
1892093,682557	2791339	1570384	1934204	483566
567718,2625619	1074013	712901	366793	1520277
2616485,1602405	2549456	1396517	2757179	1993954
367816,2172825	2389707	2592829	2324189	671237
2950941,708734	2054897	2415538	2292561	162462
619934,1365661	804805	197012	192823	2302683
1295740,95332	213504	2195477	476045	2038867
2255379,2390792	2450694	1722893	2347647	853753
999949,886778	2043058	2170760	1146848	1511572
2482581,494929	600917	135655	1000270	136519
2095203,872280	1014523	194318	1363266	2111793
2765030,1928254	723096	105999	2406712	2498371
2318539,834304	2789898	2835320	2401671	966964
146276,1021972	2380538	2700734	923998	2366860
1776462,526501	1399783	1784135	116630	1806466
2962810,471718	1762450	622753	1554299	114412
1247928,2435845	437245	126149	1068632	2002092
781360,1271958	375324	1423400	205039	717127
1744492,1176133	2154312	2313894	1155259	1244196
1064896,158526	1456564	717673	2804690	1898172
1225414,1244787	1443706	51108	2804922	284143
339918,1836462	191681	545859	2062731	1560443
979637,808689	2047022	1812482	499178	835244
2138427,2659213	2254557	1223028	2515999	246019
144957,2323055	2094372	738984	2496247	1495140
1044467,443300	1501174	784737	2002097	2232458
2921378,43114	1826858	1069140	1220813	256095
2495622,2540341	1700992	21529	524843	1058425
2188685,253152	140278	549843	493166	76071
2229368,2728596	1105508	240780	2129958	2469507
907080,2407172	2778525	2067285	1315443	1269812
1364165,2825105	2285968	1513499	889974	2149001
77278,2810254	186531	2107316	2397769	420416
2217148,43114	1826858	1069140	1220813	2004101
738047,2825484	1317915	2076570	1240865	479345
1519373,2205419	260770	2326685	497085	266412
1666299,47583	1492887	2489959	794156	147541
1277453,894811	1181656	324207	2534594	2506278
2485846,722304	649020	470384	2539229	2235995
1540626,479285	2476293	153669	958584	1078596
1198574,2583695	2393153	715905	929465	1614907
2763236,829855	576752	1808280	3236	2574702
2180045,144129	786549	357250	1924076	2097145
1851216,144961	1100815	2652886	928461	2552625
1413739,1018089	1724167	1317156	1018200	220665
2472947,2218853	1278966	2175331	1349446	1707444
2674692,1745801	1944946	675014	604795	1831334
2501294,1014576	851795	1198903	1288775	1308019
999751,2172405	2694051	2778525	869356	2386980
1941786,1676522	1452224	2173831	2087100	1273843
1463866,2172405	2694051	2765465	2650926	2778525
2294938,362400	21100	613418	1885102	213792
599376,2807442	2003708	1584545	778565	1980705
2874702,2778525	1365590	850988	2352653	2803542
469009,2239950	2703096	2355121	1277819	2491435
1262838,2791491	457843	1118487	1532064	568191
2147821,2096295	2559475	2348027	92454	2113458
2295324,2325510	461272	1543203	1593774	929325
325648,750038	221840	2596732	2766899	2690871
2551287,2065842	347246	2351826	1206667	309789
2854349,1039898	382153	579230	2057312	889974
467986,1477002	1373451	1228953	1091558	1737182
666700,1520277	60410	2642492	724857	2705759
356633,792676	765652	1978534	2295019	1011174
1028957,1971713	981752	1241464	1934421	1143740
162056,2000473	1325341	2069583	1861838	234877
2084815,1594418	2106404	12006	1350182	2391424
2946925,1271958	375324	1423400	205039	717127
35125,611872	2234624	238850	1465971	1869331
368025,1077063	471718	2535204	2279057	1317661
452262,675762	1888494	677377	1962051	350790
443247,1271958	375324	1423400	205039	717127
2460197,2652254	1908646	1811700	2432149	501394
409521,1515551	2778525	1129899	2063876	2721169
308560,1271958	375324	1423400	205039	717127
2517775,188272	2211016	2093570	2682010	2189484
2496720,1093296	1867675	106878	721214	644869
411202,2578166	1766368	354268	599108	1167493
265592,2024684	625711	2734883	1024324	2021532
1201414,2750191	220889	176021	2380538	698891
1691197,2513319	2033443	1086684	1129891	2018868
2651789,718370	687478	2344362	2818914	1822712
1820923,1666317	1573805	2502276	2777495	1431426
1752529,211166	1355165	110058	1508978	2154312
2917562,852794	768246	1556166	1583058	350614
1899684,1278567	94929	675502	2609612	1028918
2931160,1676825	2491011	1848773	1980126	1560749
2616134,218340	1092821	1450832	2375759	1473515
1267196,829855	576752	1808280	3236	2574702
2708186,562726	44317	888295	679819	1299729
1369771,1271958	375324	1423400	205039	717127
2373305,1271958	375324	1423400	205039	717127
2256879,2058119	2734883	1412234	542603	2777788
2122969,2680669	1732848	2002097	2709027	2146033
2176291,1886887	273279	1386412	2225560	1149137
2646856,881158	2499805	2032728	2371711	459760
1035964,2508050	1287932	1659966	1587654	2723262
355601,2778525	2633391	586387	888729	1212118
1962948,1728147	1317915	2323055	2565368	494504
972624,2211016	1018089	2093570	2087623	1812692
1956510,1502243	456536	1167929	427919	2830168
2105646,857352	2540341	2051097	1307191	2288244
662860,240663	2560978	1348771	1695172	1566799
1371681,1920047	139987	2603642	1541246	1894983
1461230,431242	975591	252551	1955123	2098273
1463672,1271958	375324	1423400	205039	717127
1802591,2117401	2349039	2408834	2807989	1044369
381459,2404405	2588490	472040	413018	169138
1360819,214968	1902035	2643405	1689436	573546
215248,1713185	2435715	1573829	148296	1087533
430001,99767	624081	315718	2032649	2166540
2035677,1930472	607608	2493916	1239082	2075484
2883630,1271958	375324	1423400	205039	717127
1219359,2131964	733653	2701950	2398134	1885323
923991,2315490	1919289	128605	2290641	1900183
2842945,739168	1730555	2039824	637756	2170079
2034995,567617	1639686	1128805	1443094	2167254
2185005,79531	1672211	1701749	697407	2203488
1450482,1429441	2408448	2198545	2643618	2232458
2073842,2591944	657183	436574	2712481	2470523
2071852,2756225	518244	846840	1095110	1817202
1670555,1287323	2665046	2525243	2796479	1470020
2617968,2635038	640407	1571702	620865	2693845
2442335,1031013	1728847	1803686	651374	76974
549615,366753	98556	148304	148296	1896195
500436,766863	1538099	278589	92536	1975920
1661940,750928	532897	2508062	830073	1413864
1481908,2086015	2818914	2778442	2289904	467657
2335581,1271958	375324	1423400	205039	717127
1734595,1093296	1867675	106878	682915	721214
583720,1045003	1151809	671237	3551	518437
1678187,1271958	375324	1423400	205039	717127
2301885,218295	1014576	2431753	1198903	652350
1515901,753589	1126753	573820	493460	555960
1096219,1684123	494929	587438	746387	2269715
130926,813510	2799800	2259629	747388	494185
334611,1201521	63193	1193765	1826	889842
629293,113741	2759009	2710461	2624684	1515106
735052,611872	238850	1465971	1869331	1850500
2396536,1271958	375324	1423400	205039	717127
2982502,1271958	375324	1423400	205039	717127
2092082,2640781	997263	2164559	1829348	1583803
27940,1271958	375324	1423400	205039	717127
1559597,2430795	2103981	1300140	1637622	1959345
1875396,2308451	1317915	494504	2413494	1312210
1730482,1271958	375324	1423400	205039	717127
58197,1336689	1115562	660035	1277012	437007
411966,399435	2770160	351129	544729	1344949
1564589,915203	2069583	1861838	234877	2353771
2541399,1867675	2584256	683144	1429812	1770232
1967245,2778525	2352653	1811700	1304752	1120107
551223,2358045	713309	2397283	2632165	1000892
1095718,635882	1014969	870209	2776824	814454
1828230,1271958	375324	1423400	205039	717127
2164749,2002097	2635038	2093570	1193647	1841463
2828440,1696432	27592	300450	2508050	1287932
1141848,1135108	1004270	177825	788342	1565316
2736789,1241389	2449241	812068	1755502	1242836
266348,753603	1150284	1110229	534063	2370550
1988981,1271958	375324	1423400	205039	717127
2796848,2409634	2162392	2310379	215250	996462
1706219,2651834	1601704	1850794	706931	1823509
1921957,2157027	2108935	1209189	1701416	1227884
108109,1271958	375324	1423400	205039	717127
1663687,2414343	235378	1623663	2574263	2330731
166693,845818	2194493	1492887	1634962	98202
925264,1556166	1672211	940481	2301803	1953846
1925638,1211919	45969	307450	2755079	211769
1141435,1271958	375324	1423400	205039	717127
1956443,894811	1181656	324207	2534594	2506278
1979560,1527800	2579533	1519714	2645314	2356408
2345980,1227036	2776083	2002558	2197611	1816187
1428250,72040	1040073	2642492	724857	691858
280082,1676825	2491011	1848773	1980126	1560749
226185,1093296	1867675	106878	1884305	721214
2497941,2651834	1601704	1850794	706931	1823509
153660,657183	1438082	2593483	1287319	309788
1302224,1746731	1146589	2689330	1939795	1381522
2267341,186435	2356407	1608510	584396	835792
2715482,832422	2246248	2444603	2659000	786038
1189341,1125950	2540341	1945570	649366	1046962
1920985,2005144	750038	2609608	2413081	1163551
2181405,138649	331583	261467	2313894	2827170
1006490,2791491	457843	1260844	779190	568191
290594,161055	2284196	1472339	1246449	37106
963079,1271958	375324	1423400	205039	717127
2327200,2262597	2236245	528442	1990447	569275
266570,2145676	2147514	2069038	1302317	2382710
2537604,1271958	375324	1423400	205039	717127
1585026,1843951	886794	2704655	2653844	60759
277360,2709925	2827620	72040	1040073	1927789
1936332,1755659	2239755	1920047	118772	287745
603974,1271958	375324	1423400	205039	717127
1326478,2242825	1160706	2112907	1298433	1018627
2129261,144460	2117630	577407	2357087	2363688
385900,1449030	1006232	570610	568896	2239335
711649,1520277	60410	698651	655137	2705759
287702,91611	1141086	2372201	1067222	1732824
914336,2832361	1240865	203383	1031950	1897600
243552,467092	569889	1623993	882380	1276302
1384092,2791339	483566	868804	2529247	217401
54351,1550605	105999	728099	1164968	859993
1838947,912679	2667809	685854	2189677	1497336
2145004,1575734	863165	2747800	1819905	1186105
1763313,255271	518244	1156024	1392966	1095110
997548,1271958	375324	1423400	205039	717127
2171877,1513499	1165605	2471595	1873798	1828140
477786,2131442	519853	2157916	2627395	1139786
103951,933305	2252974	2001014	1552589	2391424
669533,1524990	2363209	1159573	1848390	682915
129298,186435	36063	584396	1126753	386456
1430867,1676825	2491011	1848773	1980126	1560749
1503810,7538	895600	1521582	1422284	944233
827796,2462072	2296420	721214	95806	2256370
1457940,1602777	1079971	823512	580059	2778525
1829340,515944	2506838	2205047	1538496	1561780
768216,574557	1489467	2724169	504257	2314169
1000450,1271958	375324	1423400	205039	717127
2717325,1271958	375324	1423400	205039	717127
2378264,1271958	375324	1423400	205039	717127
2708361,967007	1952287	1209840	1900729	570668
1185381,2058298	1599793	884049	2778525	233827
619844,412692	436574	2148574	2548962	2138125
2028267,536047	2716700	2079601	1635860	2650958
2226997,1784135	2037477	2292722	2618070	460717
1426799,2478632	388915	101455	2302683	2047088
211135,343377	1339840	2575641	1150402	2173782
646604,1271958	375324	1423400	205039	717127
2919255,2651834	1601704	1850794	706931	1823509
1453883,454939	343132	1830993	2593483	1940402
781141,291669	1684803	1430325	2235265	1016837
156890,2611199	1413479	2211016	2212726	1994572
2242399,1731332	406722	1805957	743892	1434802
2474735,952054	286848	784375	645719	2234171
32472,939550	2802026	2214379	1764845	1728143
1792108,400263	2265745	1318505	914686	781048
1683505,2759974	2195282	2002097	435702	406760
738516,2127017	973448	2547879	1734195	176021
2410164,1271958	375324	1423400	205039	717127
1053231,2218853	2622845	2309062	1278966	392310
317271,500342	1053542	1246024	792676	765652
2789405,1443706	1386412	2010975	1636910	625711
1299445,1691516	2298718	2119313	583822	1710153
424323,1761602	2710882	1896548	856034	233654
1893914,1513499	497025	1100806	1775761	343132
1576715,1550793	1066940	854372	1065538	925176
2642139,1271958	375324	1423400	205039	717127
543927,490987	1809836	667505	2325510	278589
1278116,1676825	2491011	1848773	1980126	1560749
2215344,865219	2093746	698634	454914	2119313
2593198,718370	687478	2344362	2818914	323861
1073840,549290	1060866	1487463	2778525	823512
1838818,1956960	2209141	2211427	1271633	1264432
2331472,713309	1267146	207240	2518349	2397283
2697419,1125950	2540341	826853	1750525	2266525
415686,28114	715409	1313364	77400	1679143
2327100,1240029	2146504	2087100	1273843	2824594
1264957,814855	1859948	1032110	1836790	236078
1250944,213792	2115837	850007	1496888	1343146
1862356,845728	962091	53746	532132	2309548
2030578,1520277	2239755	2119782	2660436	278589
1809785,1328711	1458986	2321803	2232458	1718677
809721,1271958	375324	1423400	205039	717127
555402,1867675	517210	951920	1687434	543898
2341190,2423611	1041357	722297	830073	1907003
268124,2242825	1160706	2426517	1386412	1047625
2809810,1271958	375324	1423400	205039	717127
1034613,2264972	1144124	787747	1624021	2268348
1692661,1797670	1030279	2508050	1287932	2382444
1886392,863440	1228746	845728	53746	532132
1579715,1128805	1734347	1212118	350611	2712481
127457,2709925	2827620	473807	671237	118102
2132355,1423457	1426362	378726	684753	428225
2606492,1271958	375324	1423400	205039	717127
2859215,830073	2231729	34750	970038	1362000
2042430,577084	666744	578650	78338	324595
83200,937675	2747800	785593	1064876	412721
146020,868942	1612477	1794308	2659213	2409091
2184286,1588050	2463631	1781462	2825431	488034
219059,1718677	2155991	2211016	2550487	2682010
1242503,1839483	1804543	788342	973451	964435
2269324,2650926	1317915	2171866	31373	317172
1579185,1271958	375324	1423400	205039	717127
38189,1322673	130593	530959	1492358	53654
2013526,298980	2538956	931519	1438082	1043254
1697826,1327378	137527	760056	1233037	1424217
433677,1386412	478208	1972717	1208264	1613163
665263,799575	2324713	307238	551925	307858
1924828,796292	2011537	1797064	1691871	377787
1795901,1984327	287367	2270687	2620505	1766546
213841,1713185	2003419	1920047	78818	1859894
488783,2513319	2033443	2647727	226544	2018868
2012893,784932	2335481	2824005	327000	508254
1775463,2270467	2331463	508531	2574220	1806888
1565614,2223098	380840	1053542	71285	1460472
3175,1271958	375324	1423400	205039	717127
1623289,776006	1160822	415358	1074013	2634334
2119457,771416	2366001	906731	2638669	197512
888596,1271958	375324	1423400	205039	717127
295936,1852783	1426393	2613923	1438328	860740
1633129,1286007	2637071	2239082	1886939	1345405
610740,2178679	747171	1430132	1427393	465558
833307,2200859	2590469	1686571	1227036	108774
1759563,723096	2325510	1969499	1784135	627815
1594807,1004270	106443	565745	2265091	992801
2136199,1381522	164045	1911434	61154	2073725
2065453,853857	907427	1129899	1354212	818658
1948158,662338	274213	2254875	1496579	1867142
1638994,985323	366753	98556	148304	148296
1039159,2791339	483566	868804	2529247	217401
2429977,2308451	1317915	494504	2413494	1312210
1540417,1755502	141176	2123252	1536324	2326449
1484914,221840	2596732	2766899	1086684	1129891
2453370,2814847	1026600	2109677	2705759	238571
2481046,1569245	737275	2619027	1675294	1472716
1947297,715272	1582285	2106461	259277	964435
965978,1271958	375324	1423400	205039	717127
710105,2770160	1418725	710120	2182526	1289358
170008,1885598	2609608	242449	358118	424433
1672971,2058298	1599793	884049	2778525	233827
914051,1066722	1836462	191681	1967215	623963
2622666,2698468	2595008	2796479	1675294	2058690
1065393,1444980	1018627	2565495	1049808	1368688
1317536,319530	1180314	660016	941511	2095672
924975,2778525	2352653	955580	823512	2115544
1349430,1271958	375324	1423400	205039	717127
2462345,1271958	375324	1423400	205039	717127
2510319,2279599	1423457	1418721	415358	1575734
1842743,980778	849854	1599793	1154974	1613871
786660,1766368	1068933	222918	43306	2163770
1355012,1271958	375324	1423400	205039	717127
1038342,22996	2094106	2546689	2275112	2681176
121614,2391419	2305682	1651349	2470969	1446666
425439,596753	106801	566036	2775898	1006459
697777,1676825	2491011	1848773	1980126	1560749
506858,2021391	1290918	606905	1742604	2113458
1925080,1194598	431442	2701725	105261	2209931
1900392,1427393	1404616	2807128	2540829	307153
2558092,497025	1100806	1255336	1927789	256095
563976,1459811	1755659	1956173	2142252	2504453
1244434,1186	859487	1258802	977979	2213987
1229047,2693361	2030858	1775761	18853	1325341
656835,1918063	981752	572800	2292605	2208324
1855178,2409634	1403369	1289213	1251647	1942629
1820615,1814343	830073	1984327	1964661	921497
1213158,787691	2146033	2784272	1435340	875190
2477521,688689	803962	1513499	757533	2415033
587899,1427387	625711	743650	12841	774562
1643128,2117401	2349039	1408219	2408834	2807989
2829947,2690871	2663588	233304	697695	2583286
2785829,1621883	640407	2434263	2176723	1530827
2388020,2759974	1018627	95806	2256370	384320
2678626,933472	1213849	671150	1069424	1525111
1335944,753589	2647727	226544	197809	1435327
1391115,612412	1420527	2396028	2557272	15226
403628,2618028	2035071	32535	1311972	1976529
1558045,1271958	2370171	920269	2467156	717127
1005432,2063265	747388	2339912	1853051	1877487
1768213,1271958	375324	1423400	205039	717127
725938,1241389	2035071	32535	1311972	1976529
192948,1271958	375324	1423400	205039	717127
1056407,1271958	375324	1423400	205039	717127
1927233,2778525	2352653	1491927	617784	208722
1900240,1759421	455510	2295534	2740821	2629285
2148630,1241389	2449241	812068	1755502	1242836
2823258,2270467	2331463	508531	2574220	1806888
1349010,380840	1460472	1872947	517170	2292128
2350689,1053050	1550990	1130400	2805045	398611
1368187,657183	1502840	1226379	638712	1814943
1984122,1536324	1411003	347575	1343445	1998362
1729756,1271958	375324	1423400	205039	717127
2264275,2233540	1624610	1158721	979877	768246
1529448,2117401	529172	768546	1772767	1140869
211526,1920124	1754000	152872	434666	2816640
2954711,273279	2069378	2721460	1746486	1107252
605420,2287883	1516776	2573097	1613249	482193
1312300,2057047	657183	2477757	1386412	343377
1064889,174891	2548439	1261558	2077469	716400
204430,1519714	9054	869980	925591	457843
548288,698350	1360662	1069281	1244196	1984327
170924,2714076	834035	1924076	110960	243255
2254858,593562	585892	2040236	2541195	799322
142350,479285	2476293	153669	1163089	1244196
123799,408816	2719617	2271527	515119	1773240
1049414,2018333	1195985	1274752	507041	944523
2858015,1793076	1880316	1459889	2178679	747171
1373416,2433829	144549	644659	2315271	35677
888631,1271958	375324	1423400	205039	717127
2579609,620865	2831911	210835	687615	2567436
254662,2090360	95806	2256370	796589	1079550
1102167,1253596	2059688	1048527	536047	804161
1174038,840146	597952	2412167	313851	2055475
185124,1149594	2394017	309305	786265	2182208
2778594,1679143	1184328	2530342	1695195	650831
